player,date,actual_pts,predicted_pts,abs_error
LeBron James,2026-03-12,18,19.32,1.32
LeBron James,2026-03-14,17,19.58,2.58
LeBron James,2026-03-16,18,18.09,0.09
LeBron James,2026-03-18,30,17.17,12.83
LeBron James,2026-03-19,19,17.99,1.01
LeBron James,2026-03-21,12,18.33,6.33
LeBron James,2026-03-23,12,17.51,5.51
LeBron James,2026-03-25,23,18.92,4.08
LeBron James,2026-03-27,14,19.28,5.28
LeBron James,2026-03-30,21,18.35,2.65
LeBron James,2026-03-31,14,17.61,3.61
LeBron James,2026-04-02,13,17.57,4.57
LeBron James,2026-04-05,30,18.51,11.49
LeBron James,2026-04-09,26,19.25,6.75
LeBron James,2026-04-10,28,19.7,8.3
LeBron James,2026-04-12,18,21.02,3.02
Kevin Durant,2026-03-10,29,23.98,5.02
Kevin Durant,2026-03-11,11,22.97,11.97
Kevin Durant,2026-03-13,32,20.74,11.26
Kevin Durant,2026-03-16,18,21.67,3.67
Kevin Durant,2026-03-18,18,21.76,3.76
Kevin Durant,2026-03-20,25,20.26,4.74
Kevin Durant,2026-03-21,27,20.11,6.89
Kevin Durant,2026-03-23,40,22.2,17.8
Kevin Durant,2026-03-25,30,21.8,8.2
Kevin Durant,2026-03-27,25,24.17,0.83
Kevin Durant,2026-03-29,20,25.55,5.55
Kevin Durant,2026-03-31,27,25.32,1.68
Kevin Durant,2026-04-01,19,26.43,7.43
Kevin Durant,2026-04-03,25,24.6,0.4
Kevin Durant,2026-04-05,31,22.05,8.95
Kevin Durant,2026-04-07,24,22.61,1.39
Kevin Durant,2026-04-09,29,23.54,5.46
Kevin Durant,2026-04-10,33,23.33,9.67
Al Horford,2026-03-10,13,11.17,1.83
Al Horford,2026-04-10,10,12.41,2.41
Al Horford,2026-04-12,5,12.33,7.33
Mike Conley,2026-03-18,0,6.46,6.46
Mike Conley,2026-03-25,5,4.93,0.07
Mike Conley,2026-03-28,3,4.72,1.72
Mike Conley,2026-03-30,0,5.71,5.71
Mike Conley,2026-04-02,14,4.72,9.28
Mike Conley,2026-04-05,11,5.57,5.43
Mike Conley,2026-04-07,8,6.54,1.46
Mike Conley,2026-04-10,9,5.22,3.78
Jeff Green,2026-03-13,2,4.0,2.0
Jeff Green,2026-04-03,0,4.61,4.61
Jeff Green,2026-04-12,6,4.59,1.41
Russell Westbrook,2026-03-10,16,17.55,1.55
Russell Westbrook,2026-03-14,12,16.5,4.5
Russell Westbrook,2026-03-17,5,17.11,12.11
Russell Westbrook,2026-03-19,11,17.38,6.38
Kevin Love,2026-03-11,6,6.71,0.71
Kevin Love,2026-03-18,5,6.42,1.42
Brook Lopez,2026-03-11,3,12.57,9.57
Brook Lopez,2026-03-13,11,13.63,2.63
Brook Lopez,2026-03-14,0,12.26,12.26
Brook Lopez,2026-03-16,3,8.52,5.52
Brook Lopez,2026-03-18,11,8.57,2.43
Brook Lopez,2026-03-19,6,8.44,2.44
Brook Lopez,2026-03-21,10,8.89,1.11
Brook Lopez,2026-03-23,19,7.9,11.1
Brook Lopez,2026-03-25,14,8.59,5.41
Brook Lopez,2026-03-27,16,10.62,5.38
Brook Lopez,2026-03-29,8,10.28,2.28
Brook Lopez,2026-03-31,18,10.84,7.16
Brook Lopez,2026-04-02,6,11.57,5.57
Brook Lopez,2026-04-05,9,12.07,3.07
Brook Lopez,2026-04-07,9,11.9,2.9
Brook Lopez,2026-04-08,16,10.57,5.43
Brook Lopez,2026-04-10,21,12.77,8.23
Brook Lopez,2026-04-12,7,12.96,5.96
Nicolas Batum,2026-03-11,6,4.26,1.74
Nicolas Batum,2026-03-13,3,3.55,0.55
Nicolas Batum,2026-03-16,0,2.65,2.65
Nicolas Batum,2026-03-21,6,3.35,2.65
Nicolas Batum,2026-03-23,3,3.55,0.55
Nicolas Batum,2026-03-25,9,3.32,5.68
Nicolas Batum,2026-03-27,3,4.34,1.34
Nicolas Batum,2026-03-29,3,4.38,1.38
Nicolas Batum,2026-03-31,0,4.39,4.39
Nicolas Batum,2026-04-02,0,4.47,4.47
Nicolas Batum,2026-04-10,0,4.76,4.76
Nicolas Batum,2026-04-12,9,4.32,4.68
DeAndre Jordan,2026-03-26,4,3.89,0.11
DeAndre Jordan,2026-03-27,8,4.45,3.55
James Harden,2026-03-11,30,19.57,10.43
James Harden,2026-03-13,17,20.13,3.13
James Harden,2026-03-15,13,19.67,6.67
James Harden,2026-03-17,27,19.19,7.81
James Harden,2026-03-19,36,20.31,15.69
James Harden,2026-03-21,20,22.18,2.18
James Harden,2026-03-24,26,20.67,5.33
James Harden,2026-03-25,18,22.61,4.61
James Harden,2026-03-27,17,24.31,7.31
James Harden,2026-03-30,13,24.48,11.48
James Harden,2026-03-31,17,20.83,3.83
James Harden,2026-04-02,19,19.58,0.58
James Harden,2026-04-05,28,18.66,9.34
James Harden,2026-04-08,21,19.04,1.96
James Harden,2026-04-10,20,19.05,0.95
Stephen Curry,2026-04-05,29,22.12,6.88
Stephen Curry,2026-04-07,17,24.52,7.52
Stephen Curry,2026-04-10,11,22.22,11.22
Stephen Curry,2026-04-12,24,19.57,4.43
DeMar DeRozan,2026-03-10,12,13.88,1.88
DeMar DeRozan,2026-03-11,39,12.95,26.05
DeMar DeRozan,2026-03-14,27,16.19,10.81
DeMar DeRozan,2026-03-15,41,19.6,21.4
DeMar DeRozan,2026-03-17,2,20.67,18.67
DeMar DeRozan,2026-03-19,13,20.85,7.85
DeMar DeRozan,2026-03-22,10,21.52,11.52
DeMar DeRozan,2026-03-24,7,19.31,12.31
DeMar DeRozan,2026-03-26,33,16.75,16.25
DeMar DeRozan,2026-03-28,22,14.99,7.01
DeMar DeRozan,2026-04-01,28,16.55,11.45
DeMar DeRozan,2026-04-03,14,18.71,4.71
DeMar DeRozan,2026-04-05,9,18.8,9.8
Jrue Holiday,2026-03-10,4,21.1,17.1
Jrue Holiday,2026-03-13,25,20.87,4.13
Jrue Holiday,2026-03-15,5,20.25,15.25
Jrue Holiday,2026-03-16,11,17.46,6.46
Jrue Holiday,2026-03-18,15,15.5,0.5
Jrue Holiday,2026-03-20,12,15.54,3.54
Jrue Holiday,2026-03-22,9,15.78,6.78
Jrue Holiday,2026-03-23,11,13.3,2.3
Jrue Holiday,2026-03-25,13,13.29,0.29
Jrue Holiday,2026-03-27,23,13.42,9.58
Jrue Holiday,2026-03-29,11,13.77,2.77
Jrue Holiday,2026-03-31,30,12.42,17.58
Jrue Holiday,2026-04-02,27,15.18,11.82
Jrue Holiday,2026-04-06,19,17.76,1.24
Jrue Holiday,2026-04-08,13,18.72,5.72
Jrue Holiday,2026-04-10,9,18.89,9.89
Jrue Holiday,2026-04-12,23,20.78,2.22
Paul George,2026-03-25,28,15.99,12.01
Paul George,2026-03-28,26,16.46,9.54
Paul George,2026-03-30,19,19.38,0.38
Paul George,2026-04-01,39,21.0,18.0
Paul George,2026-04-03,23,20.72,2.28
Paul George,2026-04-04,20,21.68,1.68
Paul George,2026-04-06,16,20.66,4.66
Paul George,2026-04-09,7,21.18,14.18
Paul George,2026-04-10,21,21.29,0.29
Paul George,2026-04-12,11,18.44,7.44
Jonas Valančiūnas,2026-03-11,12,5.84,6.16
Jonas Valančiūnas,2026-03-12,4,6.15,2.15
Jonas Valančiūnas,2026-03-17,8,6.39,1.61
Jonas Valančiūnas,2026-03-18,4,6.51,2.51
Jonas Valančiūnas,2026-03-29,0,6.31,6.31
Jonas Valančiūnas,2026-04-01,13,7.42,5.58
Jonas Valančiūnas,2026-04-04,7,6.89,0.11
Jonas Valančiūnas,2026-04-06,14,7.46,6.54
Jonas Valančiūnas,2026-04-08,14,6.73,7.27
Jonas Valančiūnas,2026-04-10,23,6.49,16.51
Jonas Valančiūnas,2026-04-12,16,9.15,6.85
Bismack Biyombo,2026-04-12,2,2.86,0.86
Klay Thompson,2026-03-10,21,10.57,10.43
Klay Thompson,2026-03-13,6,12.11,6.11
Klay Thompson,2026-03-18,17,12.92,4.08
Klay Thompson,2026-03-21,12,11.55,0.45
Klay Thompson,2026-03-23,15,11.22,3.78
Klay Thompson,2026-03-25,8,11.79,3.79
Klay Thompson,2026-03-27,7,10.21,3.21
Klay Thompson,2026-03-30,5,10.69,5.69
Klay Thompson,2026-04-03,18,9.45,8.55
Klay Thompson,2026-04-05,11,9.86,1.14
Klay Thompson,2026-04-07,11,8.83,2.17
Klay Thompson,2026-04-12,12,10.15,1.85
Kawhi Leonard,2026-03-11,45,24.44,20.56
Kawhi Leonard,2026-03-13,28,27.55,0.45
Kawhi Leonard,2026-03-14,31,28.09,2.91
Kawhi Leonard,2026-03-18,25,27.66,2.66
Kawhi Leonard,2026-03-21,34,27.77,6.23
Kawhi Leonard,2026-03-23,28,28.24,0.24
Kawhi Leonard,2026-03-25,27,25.81,1.19
Kawhi Leonard,2026-03-27,28,25.81,2.19
Kawhi Leonard,2026-03-29,20,25.41,5.41
Kawhi Leonard,2026-03-31,23,25.51,2.51
Kawhi Leonard,2026-04-02,24,23.57,0.43
Kawhi Leonard,2026-04-05,26,23.54,2.46
Kawhi Leonard,2026-04-07,34,23.03,10.97
Kawhi Leonard,2026-04-08,20,22.03,2.03
Kawhi Leonard,2026-04-10,24,22.55,1.45
Nikola Vučević,2026-04-05,4,11.92,7.92
Nikola Vučević,2026-04-07,2,11.96,9.96
Nikola Vučević,2026-04-09,10,9.0,1.0
Nikola Vučević,2026-04-10,14,9.61,4.39
Tobias Harris,2026-03-10,2,14.34,12.34
Tobias Harris,2026-03-12,15,12.37,2.63
Tobias Harris,2026-03-15,21,11.69,9.31
Tobias Harris,2026-03-17,12,13.34,1.34
Tobias Harris,2026-03-19,7,12.89,5.89
Tobias Harris,2026-03-20,13,13.05,0.05
Tobias Harris,2026-03-23,14,14.02,0.02
Tobias Harris,2026-03-25,22,14.32,7.68
Tobias Harris,2026-03-26,12,13.99,1.99
Tobias Harris,2026-03-28,18,13.29,4.71
Tobias Harris,2026-03-31,12,14.2,2.2
Tobias Harris,2026-04-02,2,15.46,13.46
Tobias Harris,2026-04-04,19,12.77,6.23
Tobias Harris,2026-04-08,10,12.57,2.57
Tobias Harris,2026-04-10,8,11.72,3.72
Tobias Harris,2026-04-12,24,10.69,13.31
Andre Drummond,2026-03-15,6,7.19,1.19
Andre Drummond,2026-03-17,9,7.16,1.84
Andre Drummond,2026-03-19,13,7.4,5.6
Andre Drummond,2026-03-21,4,8.74,4.74
Andre Drummond,2026-03-23,6,7.15,1.15
Andre Drummond,2026-03-25,0,8.97,8.97
Andre Drummond,2026-03-28,0,7.41,7.41
Andre Drummond,2026-04-01,6,7.75,1.75
Andre Drummond,2026-04-03,4,6.21,2.21
Andre Drummond,2026-04-04,4,4.68,0.68
Andre Drummond,2026-04-06,5,4.12,0.88
Andre Drummond,2026-04-09,5,3.81,1.19
Andre Drummond,2026-04-10,10,4.33,5.67
Andre Drummond,2026-04-12,12,4.22,7.78
Harrison Barnes,2026-03-12,20,8.19,11.81
Harrison Barnes,2026-03-14,2,8.07,6.07
Harrison Barnes,2026-03-16,8,8.03,0.03
Harrison Barnes,2026-03-17,16,8.58,7.42
Harrison Barnes,2026-03-19,6,8.87,2.87
Harrison Barnes,2026-03-21,12,9.44,2.56
Harrison Barnes,2026-03-23,13,7.73,5.27
Harrison Barnes,2026-03-25,11,9.78,1.22
Harrison Barnes,2026-03-28,3,9.57,6.57
Harrison Barnes,2026-03-30,3,9.42,6.42
Harrison Barnes,2026-04-01,13,9.17,3.83
Harrison Barnes,2026-04-02,3,8.73,5.73
Harrison Barnes,2026-04-04,8,7.51,0.49
Harrison Barnes,2026-04-06,2,6.54,4.54
Harrison Barnes,2026-04-08,9,6.54,2.46
Harrison Barnes,2026-04-10,15,7.36,7.64
Harrison Barnes,2026-04-12,12,6.91,5.09
Draymond Green,2026-03-10,12,10.35,1.65
Draymond Green,2026-03-16,5,10.57,5.57
Draymond Green,2026-03-18,13,9.79,3.21
Draymond Green,2026-03-20,0,10.22,10.22
Draymond Green,2026-03-21,13,10.07,2.93
Draymond Green,2026-03-23,11,10.43,0.57
Draymond Green,2026-03-25,7,10.98,3.98
Draymond Green,2026-03-27,6,11.12,5.12
Draymond Green,2026-03-29,13,9.24,3.76
Draymond Green,2026-04-01,14,9.99,4.01
Draymond Green,2026-04-02,8,10.18,2.18
Draymond Green,2026-04-05,7,9.54,2.54
Draymond Green,2026-04-07,1,11.16,10.16
Draymond Green,2026-04-09,2,11.15,9.15
Draymond Green,2026-04-10,7,11.25,4.25
Khris Middleton,2026-03-10,16,11.78,4.22
Khris Middleton,2026-03-12,35,12.67,22.33
Khris Middleton,2026-03-13,4,14.76,10.76
Khris Middleton,2026-03-15,5,12.21,7.21
Khris Middleton,2026-03-16,6,12.66,6.66
Khris Middleton,2026-03-18,7,14.28,7.28
Khris Middleton,2026-03-21,8,13.32,5.32
Khris Middleton,2026-03-23,2,9.4,7.4
Khris Middleton,2026-03-25,11,8.75,2.25
Khris Middleton,2026-03-30,9,8.66,0.34
Khris Middleton,2026-03-31,8,8.66,0.66
Khris Middleton,2026-04-03,0,8.45,8.45
Khris Middleton,2026-04-05,8,7.64,0.36
Khris Middleton,2026-04-07,2,7.97,5.97
Khris Middleton,2026-04-08,4,7.65,3.65
Khris Middleton,2026-04-10,14,6.99,7.01
Khris Middleton,2026-04-12,8,7.96,0.04
CJ McCollum,2026-03-10,13,17.52,4.52
CJ McCollum,2026-03-12,14,18.03,4.03
CJ McCollum,2026-03-14,30,16.71,13.29
CJ McCollum,2026-03-16,9,17.36,8.36
CJ McCollum,2026-03-18,24,16.97,7.03
CJ McCollum,2026-03-20,17,16.38,0.62
CJ McCollum,2026-03-21,23,17.71,5.29
CJ McCollum,2026-03-23,15,18.36,3.36
CJ McCollum,2026-03-25,27,16.0,11.0
CJ McCollum,2026-03-27,21,17.71,3.29
CJ McCollum,2026-03-28,22,19.14,2.86
CJ McCollum,2026-03-30,14,18.86,4.86
CJ McCollum,2026-04-01,9,19.15,10.15
CJ McCollum,2026-04-03,25,18.83,6.17
CJ McCollum,2026-04-06,17,18.05,1.05
CJ McCollum,2026-04-08,12,17.64,5.64
CJ McCollum,2026-04-10,29,15.96,13.04
Dennis Schröder,2026-03-11,0,10.75,10.75
Dennis Schröder,2026-03-13,8,9.98,1.98
Dennis Schröder,2026-03-15,8,9.36,1.36
Dennis Schröder,2026-03-17,3,7.54,4.54
Dennis Schröder,2026-03-19,9,7.62,1.38
Dennis Schröder,2026-03-21,1,8.28,7.28
Dennis Schröder,2026-03-24,6,7.66,1.66
Dennis Schröder,2026-03-25,4,6.54,2.54
Dennis Schröder,2026-03-27,8,6.4,1.6
Dennis Schröder,2026-03-30,3,8.08,5.08
Dennis Schröder,2026-03-31,9,6.42,2.58
Dennis Schröder,2026-04-02,12,7.37,4.63
Dennis Schröder,2026-04-05,6,8.87,2.87
Dennis Schröder,2026-04-06,22,8.82,13.18
Dennis Schröder,2026-04-08,5,10.03,5.03
Dennis Schröder,2026-04-10,7,9.99,2.99
Kelly Olynyk,2026-03-17,4,4.48,0.48
Kelly Olynyk,2026-03-25,9,4.09,4.91
Kelly Olynyk,2026-03-28,1,3.65,2.65
Mason Plumlee,2026-03-25,2,4.7,2.7
Mason Plumlee,2026-04-01,0,3.96,3.96
Mason Plumlee,2026-04-12,2,4.08,2.08
Rudy Gobert,2026-03-10,3,9.46,6.46
Rudy Gobert,2026-03-11,9,10.61,1.61
Rudy Gobert,2026-03-13,18,10.82,7.18
Rudy Gobert,2026-03-15,2,11.22,9.22
Rudy Gobert,2026-03-17,9,9.54,0.54
Rudy Gobert,2026-03-18,21,10.4,10.6
Rudy Gobert,2026-03-20,18,11.51,6.49
Rudy Gobert,2026-03-22,9,11.63,2.63
Rudy Gobert,2026-03-25,14,11.37,2.63
Rudy Gobert,2026-03-28,14,12.58,1.42
Rudy Gobert,2026-03-30,14,14.35,0.35
Rudy Gobert,2026-04-02,6,12.64,6.64
Rudy Gobert,2026-04-03,5,11.52,6.52
Rudy Gobert,2026-04-05,12,11.31,0.69
Rudy Gobert,2026-04-07,5,12.12,7.12
Tim Hardaway Jr.,2026-03-11,14,11.74,2.26
Tim Hardaway Jr.,2026-03-12,1,12.25,11.25
Tim Hardaway Jr.,2026-03-14,20,11.58,8.42
Tim Hardaway Jr.,2026-03-17,9,13.77,4.77
Tim Hardaway Jr.,2026-03-18,11,14.39,3.39
Tim Hardaway Jr.,2026-03-20,23,11.1,11.9
Tim Hardaway Jr.,2026-03-22,6,12.63,6.63
Tim Hardaway Jr.,2026-03-24,18,12.8,5.2
Tim Hardaway Jr.,2026-03-25,4,12.92,8.92
Tim Hardaway Jr.,2026-03-27,21,13.77,7.23
Tim Hardaway Jr.,2026-03-29,16,13.39,2.61
Tim Hardaway Jr.,2026-04-01,3,13.41,10.41
Tim Hardaway Jr.,2026-04-04,10,11.63,1.63
Tim Hardaway Jr.,2026-04-06,3,11.22,8.22
Tim Hardaway Jr.,2026-04-08,13,12.24,0.76
Tim Hardaway Jr.,2026-04-10,13,9.21,3.79
Giannis Antetokounmpo,2026-03-10,22,20.19,1.81
Giannis Antetokounmpo,2026-03-12,31,20.94,10.06
Giannis Antetokounmpo,2026-03-15,31,22.15,8.85
Jordan Clarkson,2026-03-11,27,6.34,20.66
Jordan Clarkson,2026-03-13,8,8.32,0.32
Jordan Clarkson,2026-03-15,14,7.85,6.15
Jordan Clarkson,2026-03-17,10,9.45,0.55
Jordan Clarkson,2026-03-20,9,10.39,1.39
Jordan Clarkson,2026-03-22,8,12.48,4.48
Jordan Clarkson,2026-03-24,10,10.25,0.25
Jordan Clarkson,2026-03-26,8,9.2,1.2
Jordan Clarkson,2026-03-29,2,8.79,6.79
Jordan Clarkson,2026-03-31,10,8.31,1.69
Jordan Clarkson,2026-04-01,8,8.84,0.84
Jordan Clarkson,2026-04-03,4,7.91,3.91
Jordan Clarkson,2026-04-06,3,7.08,4.08
Jordan Clarkson,2026-04-09,8,5.26,2.74
Jordan Clarkson,2026-04-10,10,5.97,4.03
Jordan Clarkson,2026-04-12,2,5.98,3.98
Gary Harris,2026-03-14,0,3.39,3.39
Gary Harris,2026-03-15,6,3.24,2.76
Gary Harris,2026-03-19,6,3.66,2.34
Gary Harris,2026-04-03,5,2.1,2.9
Gary Harris,2026-04-07,7,3.27,3.73
Gary Harris,2026-04-08,0,3.34,3.34
Jerami Grant,2026-03-10,24,17.05,6.95
Jerami Grant,2026-03-13,9,18.43,9.43
Jerami Grant,2026-03-15,20,18.48,1.52
Jerami Grant,2026-03-16,12,16.87,4.87
Jerami Grant,2026-03-18,8,16.56,8.56
Jerami Grant,2026-03-20,26,14.18,11.82
Jerami Grant,2026-03-25,18,14.98,3.02
Jerami Grant,2026-03-27,19,17.02,1.98
Doug McDermott,2026-03-11,6,3.42,2.58
Doug McDermott,2026-03-14,3,4.82,1.82
Doug McDermott,2026-03-15,9,6.61,2.39
Doug McDermott,2026-03-17,12,6.46,5.54
Doug McDermott,2026-03-19,11,6.57,4.43
Doug McDermott,2026-03-22,9,7.7,1.3
Doug McDermott,2026-03-24,9,7.1,1.9
Doug McDermott,2026-03-26,6,8.51,2.51
Doug McDermott,2026-03-29,12,8.33,3.67
Doug McDermott,2026-04-01,3,7.77,4.77
Doug McDermott,2026-04-03,3,7.04,4.04
Doug McDermott,2026-04-05,3,6.55,3.55
Doug McDermott,2026-04-07,16,6.46,9.54
Doug McDermott,2026-04-10,3,7.53,4.53
Doug McDermott,2026-04-12,7,6.45,0.55
Aaron Gordon,2026-03-11,0,15.05,15.05
Aaron Gordon,2026-03-14,27,13.79,13.21
Aaron Gordon,2026-03-17,12,14.05,2.05
Aaron Gordon,2026-03-20,16,14.1,1.9
Aaron Gordon,2026-03-22,12,14.74,2.74
Aaron Gordon,2026-03-24,16,13.4,2.6
Aaron Gordon,2026-03-27,17,15.9,1.1
Aaron Gordon,2026-04-01,6,14.17,8.17
Aaron Gordon,2026-04-04,15,12.9,2.1
Aaron Gordon,2026-04-06,23,13.79,9.21
Aaron Gordon,2026-04-08,6,15.5,9.5
Marcus Smart,2026-03-10,8,9.19,1.19
Marcus Smart,2026-03-14,21,9.49,11.51
Marcus Smart,2026-03-16,11,10.43,0.57
Marcus Smart,2026-03-18,5,10.09,5.09
Marcus Smart,2026-03-19,13,10.18,2.82
Marcus Smart,2026-03-21,2,11.6,9.6
Marcus Smart,2026-04-10,6,11.78,5.78
Marcus Smart,2026-04-12,5,10.51,5.51
Kyle Anderson,2026-03-10,5,6.46,1.46
Kyle Anderson,2026-03-11,5,6.38,1.38
Kyle Anderson,2026-03-13,0,5.15,5.15
Kyle Anderson,2026-03-15,0,4.25,4.25
Kyle Anderson,2026-03-17,7,5.09,1.91
Kyle Anderson,2026-03-18,8,6.14,1.86
Kyle Anderson,2026-03-20,4,6.06,2.06
Kyle Anderson,2026-03-22,6,5.97,0.03
Kyle Anderson,2026-03-25,3,5.96,2.96
Kyle Anderson,2026-03-28,2,6.34,4.34
Kyle Anderson,2026-03-30,0,6.8,6.8
Kyle Anderson,2026-04-02,2,5.65,3.65
Kyle Anderson,2026-04-03,6,5.67,0.33
Kyle Anderson,2026-04-05,2,5.39,3.39
Kyle Anderson,2026-04-07,6,6.06,0.06
Kyle Anderson,2026-04-08,8,5.54,2.46
Kyle Anderson,2026-04-10,17,4.8,12.2
Dwight Powell,2026-03-13,11,5.6,5.4
Dwight Powell,2026-03-16,1,6.46,5.46
Dwight Powell,2026-03-25,7,5.42,1.58
Dwight Powell,2026-03-27,4,6.74,2.74
Dwight Powell,2026-03-30,9,7.04,1.96
Dwight Powell,2026-03-31,3,7.17,4.17
Dwight Powell,2026-04-03,0,5.87,5.87
Dwight Powell,2026-04-05,0,5.65,5.65
Dwight Powell,2026-04-07,4,5.62,1.62
Dwight Powell,2026-04-08,4,5.81,1.81
Dwight Powell,2026-04-10,4,5.19,1.19
Dwight Powell,2026-04-12,7,6.6,0.4
Julius Randle,2026-03-10,14,15.54,1.54
Julius Randle,2026-03-11,11,16.83,5.83
Julius Randle,2026-03-13,10,16.22,6.22
Julius Randle,2026-03-15,32,13.71,18.29
Julius Randle,2026-03-17,32,15.56,16.44
Julius Randle,2026-03-18,21,18.33,2.67
Julius Randle,2026-03-20,19,18.31,0.69
Julius Randle,2026-03-22,9,19.34,10.34
Julius Randle,2026-03-25,24,20.66,3.34
Julius Randle,2026-03-28,11,19.71,8.71
Julius Randle,2026-03-30,24,18.48,5.52
Julius Randle,2026-04-02,27,17.25,9.75
Julius Randle,2026-04-03,21,18.92,2.08
Julius Randle,2026-04-05,26,19.71,6.29
Julius Randle,2026-04-07,19,19.98,0.98
Andrew Wiggins,2026-03-23,9,14.25,5.25
Andrew Wiggins,2026-03-25,12,12.84,0.84
Andrew Wiggins,2026-03-27,12,12.2,0.2
Andrew Wiggins,2026-03-29,15,11.92,3.08
Andrew Wiggins,2026-03-30,14,12.47,1.53
Andrew Wiggins,2026-04-01,13,11.55,1.45
Andrew Wiggins,2026-04-04,21,13.46,7.54
Andrew Wiggins,2026-04-07,24,12.81,11.19
Andrew Wiggins,2026-04-09,5,14.2,9.2
Andrew Wiggins,2026-04-10,11,13.89,2.89
Andrew Wiggins,2026-04-12,4,13.39,9.39
Joel Embiid,2026-03-25,35,27.41,7.59
Joel Embiid,2026-03-28,29,27.66,1.34
Joel Embiid,2026-03-30,26,27.25,1.25
Joel Embiid,2026-04-03,19,25.92,6.92
Joel Embiid,2026-04-06,34,25.66,8.34
Clint Capela,2026-03-10,4,5.19,1.19
Clint Capela,2026-03-11,9,5.93,3.07
Clint Capela,2026-03-13,9,6.62,2.38
Clint Capela,2026-03-16,9,7.07,1.93
Clint Capela,2026-03-20,3,7.54,4.54
Clint Capela,2026-03-25,0,6.93,6.93
Clint Capela,2026-03-27,2,7.41,5.41
Clint Capela,2026-03-29,6,5.92,0.08
Clint Capela,2026-03-31,0,4.76,4.76
Clint Capela,2026-04-01,2,5.06,3.06
Clint Capela,2026-04-03,2,5.78,3.78
Clint Capela,2026-04-07,2,3.84,1.84
Clint Capela,2026-04-09,1,4.93,3.93
Clint Capela,2026-04-10,4,4.23,0.23
Clint Capela,2026-04-12,23,3.27,19.73
Bogdan Bogdanović,2026-03-19,16,8.56,7.44
Bogdan Bogdanović,2026-03-23,0,7.43,7.43
Bogdan Bogdanović,2026-04-12,17,7.07,9.93
Nikola Jokić,2026-03-11,16,27.43,11.43
Nikola Jokić,2026-03-12,31,25.46,5.54
Nikola Jokić,2026-03-14,24,27.93,3.93
Nikola Jokić,2026-03-17,8,28.0,20.0
Nikola Jokić,2026-03-18,29,24.27,4.73
Nikola Jokić,2026-03-20,22,23.55,1.55
Nikola Jokić,2026-03-22,22,24.54,2.54
Nikola Jokić,2026-03-24,23,21.89,1.11
Nikola Jokić,2026-03-25,23,22.86,0.14
Nikola Jokić,2026-03-27,33,25.47,7.53
Nikola Jokić,2026-03-29,25,24.21,0.79
Nikola Jokić,2026-04-01,15,25.62,10.62
Nikola Jokić,2026-04-04,40,23.01,16.99
Nikola Jokić,2026-04-06,35,25.63,9.37
Nikola Jokić,2026-04-08,14,28.08,14.08
Nikola Jokić,2026-04-12,23,24.36,1.36
Kristaps Porziņģis,2026-03-10,17,12.27,4.73
Kristaps Porziņģis,2026-03-13,20,13.6,6.4
Kristaps Porziņģis,2026-03-16,30,14.85,15.15
Kristaps Porziņģis,2026-03-18,11,14.27,3.27
Kristaps Porziņģis,2026-03-20,5,14.5,9.5
Kristaps Porziņģis,2026-03-23,22,15.27,6.73
Kristaps Porziņģis,2026-03-25,17,16.77,0.23
Kristaps Porziņģis,2026-03-27,28,17.02,10.98
Kristaps Porziņģis,2026-03-29,23,15.34,7.66
Kristaps Porziņģis,2026-04-02,16,17.02,1.02
Kristaps Porziņģis,2026-04-05,9,18.41,9.41
Kristaps Porziņģis,2026-04-10,11,18.37,7.37
Kristaps Porziņģis,2026-04-12,12,17.4,5.4
Joe Ingles,2026-04-12,15,2.15,12.85
T.J. McConnell,2026-03-13,10,7.92,2.08
T.J. McConnell,2026-03-15,9,8.29,0.71
T.J. McConnell,2026-03-17,10,8.66,1.34
T.J. McConnell,2026-03-18,7,9.4,2.4
T.J. McConnell,2026-03-21,4,8.6,4.6
T.J. McConnell,2026-03-23,13,9.22,3.78
T.J. McConnell,2026-03-25,17,8.92,8.08
T.J. McConnell,2026-03-27,2,8.85,6.85
T.J. McConnell,2026-03-29,15,7.26,7.74
Tyus Jones,2026-03-11,2,3.92,1.92
Tyus Jones,2026-03-17,5,4.32,0.68
Tyus Jones,2026-04-10,9,3.37,5.63
Tyus Jones,2026-04-12,5,3.59,1.41
Karl-Anthony Towns,2026-03-11,21,21.36,0.36
Karl-Anthony Towns,2026-03-15,17,19.76,2.76
Karl-Anthony Towns,2026-03-17,22,21.05,0.95
Karl-Anthony Towns,2026-03-20,26,22.44,3.56
Karl-Anthony Towns,2026-03-22,26,23.29,2.71
Karl-Anthony Towns,2026-03-24,21,21.2,0.2
Karl-Anthony Towns,2026-03-26,13,20.87,7.87
Karl-Anthony Towns,2026-03-29,15,20.21,5.21
Karl-Anthony Towns,2026-03-31,22,19.86,2.14
Karl-Anthony Towns,2026-04-01,20,19.98,0.02
Karl-Anthony Towns,2026-04-06,21,18.55,2.45
Karl-Anthony Towns,2026-04-09,16,17.44,1.44
Karl-Anthony Towns,2026-04-10,22,19.01,2.99
Kelly Oubre Jr.,2026-03-10,30,14.61,15.39
Kelly Oubre Jr.,2026-03-28,9,15.25,6.25
Kelly Oubre Jr.,2026-03-30,11,15.27,4.27
Kelly Oubre Jr.,2026-04-01,12,15.94,3.94
Kelly Oubre Jr.,2026-04-03,21,13.96,7.04
Kelly Oubre Jr.,2026-04-04,3,14.6,11.6
Kelly Oubre Jr.,2026-04-06,5,11.5,6.5
Kelly Oubre Jr.,2026-04-09,16,11.12,4.88
Kelly Oubre Jr.,2026-04-10,15,12.89,2.11
Kelly Oubre Jr.,2026-04-12,11,12.22,1.22
Devin Booker,2026-03-10,27,19.93,7.07
Devin Booker,2026-03-12,43,23.72,19.28
Devin Booker,2026-03-13,31,26.34,4.66
Devin Booker,2026-03-16,40,26.27,13.73
Devin Booker,2026-03-17,34,27.69,6.31
Devin Booker,2026-03-19,22,28.67,6.67
Devin Booker,2026-03-21,14,29.5,15.5
Devin Booker,2026-03-22,25,26.69,1.69
Devin Booker,2026-03-24,22,26.61,4.61
Devin Booker,2026-03-28,26,24.97,1.03
Devin Booker,2026-03-30,36,22.18,13.82
Devin Booker,2026-03-31,34,22.92,11.08
Devin Booker,2026-04-02,22,24.14,2.14
Devin Booker,2026-04-05,30,25.1,4.9
Devin Booker,2026-04-07,31,25.23,5.77
Devin Booker,2026-04-08,37,27.27,9.73
,2026-03-12,15,8.47,6.53
,2026-03-14,6,9.44,3.44
,2026-03-15,11,10.72,0.28
,2026-03-17,5,12.6,7.6
,2026-03-19,3,13.18,10.18
,2026-03-21,16,10.19,5.81
,2026-03-23,10,9.41,0.59
,2026-03-25,15,11.09,3.91
,2026-04-01,4,11.26,7.26
,2026-04-04,2,9.63,7.63
Myles Turner,2026-03-10,22,7.53,14.47
Myles Turner,2026-03-12,7,9.35,2.35
Myles Turner,2026-03-14,8,9.82,1.82
Myles Turner,2026-03-15,13,10.22,2.78
Myles Turner,2026-03-19,3,11.98,8.98
Myles Turner,2026-03-21,7,9.94,2.94
Myles Turner,2026-03-23,7,8.04,1.04
Myles Turner,2026-03-28,15,8.29,6.71
Myles Turner,2026-03-31,10,9.92,0.08
Myles Turner,2026-04-03,4,8.87,4.87
Myles Turner,2026-04-05,19,10.48,8.52
Myles Turner,2026-04-10,13,11.72,1.28
Bobby Portis,2026-03-12,19,12.32,6.68
Bobby Portis,2026-03-14,14,12.43,1.57
Bobby Portis,2026-03-15,29,13.62,15.38
Bobby Portis,2026-03-17,19,15.58,3.42
Bobby Portis,2026-03-19,11,18.69,7.69
Bobby Portis,2026-03-23,11,16.75,5.75
Kevon Looney,2026-04-07,7,4.59,2.41
Kevon Looney,2026-04-10,0,3.59,3.59
Norman Powell,2026-03-14,20,17.3,2.7
Norman Powell,2026-03-17,17,17.44,0.44
Norman Powell,2026-03-19,20,18.59,1.41
Norman Powell,2026-03-23,21,16.28,4.72
Norman Powell,2026-03-25,19,15.88,3.12
Norman Powell,2026-03-27,15,17.24,2.24
Norman Powell,2026-04-07,14,16.39,2.39
Norman Powell,2026-04-09,7,15.98,8.98
Norman Powell,2026-04-12,25,15.1,9.9
Pat Connaughton,2026-03-10,3,3.81,0.81
Pat Connaughton,2026-03-11,0,4.21,4.21
Pat Connaughton,2026-03-19,0,3.53,3.53
Pat Connaughton,2026-04-03,7,5.48,1.52
Larry Nance Jr.,2026-03-13,6,4.44,1.56
Larry Nance Jr.,2026-03-31,2,3.51,1.51
Larry Nance Jr.,2026-04-05,6,3.91,2.09
Larry Nance Jr.,2026-04-06,10,4.29,5.71
Larry Nance Jr.,2026-04-10,4,4.7,0.7
Larry Nance Jr.,2026-04-12,10,4.14,5.86
Royce O'Neale,2026-03-10,21,8.39,12.61
Royce O'Neale,2026-03-12,15,9.61,5.39
Royce O'Neale,2026-03-13,6,9.45,3.45
Royce O'Neale,2026-03-16,6,9.37,3.37
Royce O'Neale,2026-03-17,9,10.34,1.34
Royce O'Neale,2026-03-24,17,11.34,5.66
Royce O'Neale,2026-03-28,6,10.45,4.45
Royce O'Neale,2026-03-30,9,8.93,0.07
Royce O'Neale,2026-03-31,14,8.74,5.26
Royce O'Neale,2026-04-02,3,9.81,6.81
Royce O'Neale,2026-04-05,3,9.79,6.79
Royce O'Neale,2026-04-07,3,7.3,4.3
Royce O'Neale,2026-04-08,14,8.0,6.0
Royce O'Neale,2026-04-10,11,7.64,3.36
Kris Dunn,2026-03-11,5,8.66,3.66
Kris Dunn,2026-03-13,8,7.55,0.45
Kris Dunn,2026-03-14,5,7.9,2.9
Kris Dunn,2026-03-16,9,6.77,2.23
Kris Dunn,2026-03-18,6,7.13,1.13
Kris Dunn,2026-03-19,8,7.47,0.53
Kris Dunn,2026-03-21,4,7.82,3.82
Kris Dunn,2026-03-23,7,7.27,0.27
Kris Dunn,2026-03-25,0,6.58,6.58
Kris Dunn,2026-03-27,2,7.65,5.65
Kris Dunn,2026-03-29,10,6.72,3.28
Kris Dunn,2026-03-31,3,6.44,3.44
Kris Dunn,2026-04-02,3,5.12,2.12
Kris Dunn,2026-04-05,13,6.22,6.78
Kris Dunn,2026-04-07,2,6.66,4.66
Kris Dunn,2026-04-08,3,5.61,2.61
Kris Dunn,2026-04-10,5,6.0,1.0
Kris Dunn,2026-04-12,4,6.91,2.91
Buddy Hield,2026-03-20,2,9.0,7.0
Buddy Hield,2026-03-23,3,9.84,6.84
Buddy Hield,2026-04-12,31,8.96,22.04
Brandon Ingram,2026-03-10,9,18.74,9.74
Brandon Ingram,2026-03-11,22,19.6,2.4
Brandon Ingram,2026-03-13,36,18.58,17.42
Brandon Ingram,2026-03-15,34,17.63,16.37
Brandon Ingram,2026-03-18,18,19.94,1.94
Brandon Ingram,2026-03-20,19,20.34,1.34
Brandon Ingram,2026-03-22,6,21.56,15.56
Brandon Ingram,2026-03-25,18,20.63,2.63
Brandon Ingram,2026-03-27,13,18.74,5.74
Brandon Ingram,2026-03-31,22,15.19,6.81
Brandon Ingram,2026-04-03,17,16.48,0.52
Brandon Ingram,2026-04-05,15,15.43,0.43
Brandon Ingram,2026-04-07,23,17.03,5.97
Brandon Ingram,2026-04-09,38,16.84,21.16
Brandon Ingram,2026-04-10,16,18.59,2.59
Brandon Ingram,2026-04-12,25,18.16,6.84
Caris LeVert,2026-03-13,4,6.75,2.75
Caris LeVert,2026-03-15,9,6.35,2.65
Caris LeVert,2026-03-17,10,7.0,3.0
Caris LeVert,2026-03-19,14,7.49,6.51
Caris LeVert,2026-03-20,5,7.62,2.62
Caris LeVert,2026-03-23,8,7.45,0.55
Caris LeVert,2026-03-25,4,7.93,3.93
Caris LeVert,2026-03-28,8,7.81,0.19
Caris LeVert,2026-03-30,10,7.21,2.79
Caris LeVert,2026-03-31,12,7.73,4.27
Caris LeVert,2026-04-02,7,8.25,1.25
Caris LeVert,2026-04-04,7,8.73,1.73
Caris LeVert,2026-04-08,7,8.99,1.99
Caris LeVert,2026-04-10,6,8.34,2.34
Caris LeVert,2026-04-12,6,8.24,2.24
Dejounte Murray,2026-03-24,7,19.51,12.51
Dejounte Murray,2026-03-26,12,20.24,8.24
Dejounte Murray,2026-03-29,19,18.46,0.54
Dejounte Murray,2026-04-02,9,16.31,7.31
Jamal Murray,2026-03-11,30,23.61,6.39
Jamal Murray,2026-03-12,39,24.16,14.84
Jamal Murray,2026-03-14,5,22.36,17.36
Jamal Murray,2026-03-17,12,20.43,8.43
Jamal Murray,2026-03-18,19,22.28,3.28
Jamal Murray,2026-03-20,31,22.5,8.5
Jamal Murray,2026-03-22,22,21.84,0.16
Jamal Murray,2026-03-24,21,17.65,3.35
Jamal Murray,2026-03-25,53,19.96,33.04
Jamal Murray,2026-03-27,31,26.1,4.9
Jamal Murray,2026-03-29,20,26.59,6.59
Jamal Murray,2026-04-01,37,25.76,11.24
Jamal Murray,2026-04-04,15,27.29,12.29
Jamal Murray,2026-04-06,20,28.22,8.22
Jamal Murray,2026-04-08,26,24.32,1.68
Jakob Poeltl,2026-03-11,8,10.66,2.66
Jakob Poeltl,2026-03-13,6,9.12,3.12
Jakob Poeltl,2026-03-15,21,8.35,12.65
Jakob Poeltl,2026-03-18,17,11.41,5.59
Jakob Poeltl,2026-03-20,23,12.32,10.68
Jakob Poeltl,2026-03-22,0,12.45,12.45
Jakob Poeltl,2026-03-25,10,12.54,2.54
Jakob Poeltl,2026-03-27,18,13.61,4.39
Jakob Poeltl,2026-03-29,11,12.99,1.99
Jakob Poeltl,2026-03-31,13,11.2,1.8
Jakob Poeltl,2026-04-01,18,10.68,7.32
Jakob Poeltl,2026-04-03,8,12.23,4.23
Jakob Poeltl,2026-04-05,14,10.99,3.01
Jakob Poeltl,2026-04-07,17,10.7,6.3
Jakob Poeltl,2026-04-09,6,11.53,5.53
Jakob Poeltl,2026-04-10,4,9.17,5.17
Jakob Poeltl,2026-04-12,11,8.93,2.07
Taurean Prince,2026-03-14,0,5.74,5.74
Taurean Prince,2026-03-15,13,6.07,6.93
Taurean Prince,2026-03-17,8,5.68,2.32
Taurean Prince,2026-03-19,6,7.04,1.04
Taurean Prince,2026-03-21,8,5.67,2.33
Taurean Prince,2026-03-23,5,5.92,0.92
Taurean Prince,2026-03-25,13,6.82,6.18
Taurean Prince,2026-03-28,5,6.72,1.72
Taurean Prince,2026-03-29,18,7.06,10.94
Taurean Prince,2026-03-31,6,9.28,3.28
Taurean Prince,2026-04-03,18,8.53,9.47
Taurean Prince,2026-04-05,19,10.58,8.42
Taurean Prince,2026-04-07,16,10.86,5.14
Taurean Prince,2026-04-08,15,11.52,3.48
Taurean Prince,2026-04-10,18,11.93,6.07
Taurean Prince,2026-04-12,14,13.84,0.16
Jaylen Brown,2026-03-10,8,23.59,15.59
Jaylen Brown,2026-03-12,34,20.74,13.26
Jaylen Brown,2026-03-14,16,23.13,7.13
Jaylen Brown,2026-03-16,41,21.13,19.87
Jaylen Brown,2026-03-18,32,22.19,9.81
Jaylen Brown,2026-03-20,30,23.74,6.26
Jaylen Brown,2026-03-22,29,25.83,3.17
Jaylen Brown,2026-03-25,31,25.0,6.0
Jaylen Brown,2026-03-30,29,28.35,0.65
Jaylen Brown,2026-04-01,43,27.32,15.68
Jaylen Brown,2026-04-03,26,28.41,2.41
Jaylen Brown,2026-04-05,26,28.48,2.48
Jaylen Brown,2026-04-07,35,27.66,7.34
Jaylen Brown,2026-04-10,23,29.84,6.84
Gary Payton II,2026-03-10,12,10.06,1.94
Gary Payton II,2026-03-13,12,10.28,1.72
Gary Payton II,2026-03-15,19,8.66,10.34
Gary Payton II,2026-03-16,15,10.93,4.07
Gary Payton II,2026-03-18,14,10.12,3.88
Gary Payton II,2026-03-20,14,10.68,3.32
Gary Payton II,2026-03-23,17,12.92,4.08
Gary Payton II,2026-03-25,10,13.14,3.14
Gary Payton II,2026-03-27,15,12.27,2.73
Gary Payton II,2026-03-29,16,11.82,4.18
Gary Payton II,2026-04-02,8,11.43,3.43
Gary Payton II,2026-04-05,14,10.2,3.8
Gary Payton II,2026-04-07,12,11.1,0.9
Gary Payton II,2026-04-09,10,11.44,1.44
Gary Payton II,2026-04-10,10,10.21,0.21
Gary Payton II,2026-04-12,2,9.17,7.17
Pascal Siakam,2026-03-21,14,23.54,9.54
Pascal Siakam,2026-03-23,37,22.01,14.99
Pascal Siakam,2026-03-25,20,22.95,2.95
Pascal Siakam,2026-03-27,11,21.51,10.51
Pascal Siakam,2026-03-29,30,20.23,9.77
Pascal Siakam,2026-04-01,25,22.22,2.78
Pascal Siakam,2026-04-03,30,22.19,7.81
Guerschon Yabusele,2026-03-10,2,12.31,10.31
Guerschon Yabusele,2026-03-13,11,12.76,1.76
Guerschon Yabusele,2026-03-16,13,12.96,0.04
Guerschon Yabusele,2026-03-18,5,10.2,5.2
Guerschon Yabusele,2026-03-19,10,8.49,1.51
Guerschon Yabusele,2026-03-25,11,8.86,2.14
Guerschon Yabusele,2026-03-27,6,9.2,3.2
Guerschon Yabusele,2026-03-30,15,8.79,6.21
Guerschon Yabusele,2026-04-01,20,10.54,9.46
Guerschon Yabusele,2026-04-03,5,11.32,6.32
Guerschon Yabusele,2026-04-05,8,11.01,3.01
Guerschon Yabusele,2026-04-07,9,12.5,3.5
Guerschon Yabusele,2026-04-09,5,13.58,8.58
Ivica Zubac,2026-03-12,8,9.97,1.97
Ivica Zubac,2026-03-13,11,10.02,0.98
Ivica Zubac,2026-03-15,10,10.71,0.71
Ivica Zubac,2026-03-17,11,9.88,1.12
Ivica Zubac,2026-03-18,18,10.56,7.44
Dorian Finney-Smith,2026-03-10,3,3.93,0.93
Dorian Finney-Smith,2026-03-13,0,5.0,5.0
Dorian Finney-Smith,2026-03-16,8,4.92,3.08
Dorian Finney-Smith,2026-03-18,3,5.26,2.26
Dorian Finney-Smith,2026-03-21,1,5.24,4.24
Dorian Finney-Smith,2026-03-23,0,5.21,5.21
Dorian Finney-Smith,2026-03-25,0,4.93,4.93
Dorian Finney-Smith,2026-04-03,7,5.94,1.06
Dorian Finney-Smith,2026-04-12,9,4.32,4.68
Derrick Jones Jr.,2026-03-11,12,12.39,0.39
Derrick Jones Jr.,2026-03-13,10,12.54,2.54
Derrick Jones Jr.,2026-03-14,2,12.6,10.6
Derrick Jones Jr.,2026-03-16,10,11.6,1.6
Derrick Jones Jr.,2026-03-18,4,12.28,8.28
Derrick Jones Jr.,2026-03-19,22,10.27,11.73
Derrick Jones Jr.,2026-03-21,15,10.99,4.01
Derrick Jones Jr.,2026-03-23,7,11.78,4.78
Derrick Jones Jr.,2026-03-25,2,10.9,8.9
Derrick Jones Jr.,2026-03-27,4,10.86,6.86
Derrick Jones Jr.,2026-03-29,13,10.85,2.15
Derrick Jones Jr.,2026-03-31,1,9.02,8.02
Derrick Jones Jr.,2026-04-02,4,6.69,2.69
Derrick Jones Jr.,2026-04-05,6,7.99,1.99
Derrick Jones Jr.,2026-04-07,11,8.26,2.74
Derrick Jones Jr.,2026-04-08,11,7.6,3.4
Derrick Jones Jr.,2026-04-10,10,7.32,2.68
Derrick Jones Jr.,2026-04-12,0,7.58,7.58
Alex Caruso,2026-03-12,7,6.61,0.39
Alex Caruso,2026-03-15,17,6.7,10.3
Alex Caruso,2026-03-17,2,6.4,4.4
Alex Caruso,2026-03-21,4,7.37,3.37
Alex Caruso,2026-03-23,4,6.36,2.36
Alex Caruso,2026-03-25,9,7.47,1.53
Alex Caruso,2026-03-27,6,8.06,2.06
Alex Caruso,2026-03-29,6,5.7,0.3
Alex Caruso,2026-03-30,3,5.97,2.97
Alex Caruso,2026-04-05,5,7.14,2.14
Alex Caruso,2026-04-07,6,6.61,0.61
Alex Caruso,2026-04-08,2,5.73,3.73
De'Aaron Fox,2026-03-10,25,14.47,10.53
De'Aaron Fox,2026-03-12,27,17.5,9.5
De'Aaron Fox,2026-03-14,17,19.5,2.5
De'Aaron Fox,2026-03-16,18,18.26,0.26
De'Aaron Fox,2026-03-17,15,18.99,3.99
De'Aaron Fox,2026-03-19,23,18.36,4.64
De'Aaron Fox,2026-03-21,14,19.27,5.27
De'Aaron Fox,2026-03-23,14,17.05,3.05
De'Aaron Fox,2026-03-28,12,16.43,4.43
De'Aaron Fox,2026-03-30,7,16.73,9.73
De'Aaron Fox,2026-04-01,11,15.51,4.51
De'Aaron Fox,2026-04-02,22,13.5,8.5
De'Aaron Fox,2026-04-04,14,13.72,0.28
De'Aaron Fox,2026-04-06,13,13.45,0.45
De'Aaron Fox,2026-04-08,25,13.1,11.9
De'Aaron Fox,2026-04-10,18,15.75,2.25
De'Aaron Fox,2026-04-12,24,16.55,7.45
Jayson Tatum,2026-03-29,32,18.98,13.02
Jayson Tatum,2026-04-01,25,20.51,4.49
Jayson Tatum,2026-04-03,23,22.21,0.79
Jayson Tatum,2026-04-05,23,23.56,0.56
Jayson Tatum,2026-04-07,23,24.55,1.55
Jayson Tatum,2026-04-09,24,23.75,0.25
Malik Monk,2026-03-10,4,13.96,9.96
Malik Monk,2026-03-19,4,13.22,9.22
Malik Monk,2026-03-22,32,13.57,18.43
Malik Monk,2026-03-24,7,16.31,9.31
Malik Monk,2026-03-26,13,15.43,2.43
Malik Monk,2026-03-28,10,12.73,2.73
Malik Monk,2026-04-01,18,14.62,3.38
Malik Monk,2026-04-05,7,15.97,8.97
Malik Monk,2026-04-07,4,12.61,8.61
Malik Monk,2026-04-10,11,10.94,0.06
Donovan Mitchell,2026-03-11,25,23.56,1.44
Donovan Mitchell,2026-03-13,24,22.72,1.28
Donovan Mitchell,2026-03-15,26,23.23,2.77
Donovan Mitchell,2026-03-17,19,22.85,3.85
Donovan Mitchell,2026-03-21,27,21.87,5.13
Donovan Mitchell,2026-03-24,42,22.94,19.06
Donovan Mitchell,2026-03-25,28,24.6,3.4
Donovan Mitchell,2026-03-27,6,25.03,19.03
Donovan Mitchell,2026-03-30,34,23.89,10.11
Donovan Mitchell,2026-03-31,10,25.32,15.32
Donovan Mitchell,2026-04-02,25,23.7,1.3
Donovan Mitchell,2026-04-05,38,20.86,17.14
Donovan Mitchell,2026-04-08,31,21.49,9.51
Luke Kennard,2026-03-10,10,9.97,0.03
Luke Kennard,2026-03-12,3,9.77,6.77
Luke Kennard,2026-03-14,3,9.73,6.73
Luke Kennard,2026-03-16,0,8.35,8.35
Luke Kennard,2026-03-18,5,7.3,2.3
Luke Kennard,2026-03-19,0,6.71,6.71
Luke Kennard,2026-03-21,13,5.67,7.33
Luke Kennard,2026-03-23,6,4.68,1.32
Luke Kennard,2026-03-25,8,6.54,1.46
Luke Kennard,2026-03-27,5,5.97,0.97
Luke Kennard,2026-03-30,19,6.87,12.13
Luke Kennard,2026-03-31,2,7.36,5.36
Luke Kennard,2026-04-02,7,5.8,1.2
Luke Kennard,2026-04-05,15,7.27,7.73
Luke Kennard,2026-04-07,10,9.24,0.76
Luke Kennard,2026-04-09,14,10.41,3.59
Luke Kennard,2026-04-10,19,10.36,8.64
Luke Kennard,2026-04-12,3,14.06,11.06
John Collins,2026-03-14,10,14.34,4.34
John Collins,2026-03-16,11,12.32,1.32
John Collins,2026-03-18,18,12.74,5.26
John Collins,2026-03-19,18,12.91,5.09
John Collins,2026-03-21,8,13.17,5.17
John Collins,2026-03-25,0,12.05,12.05
John Collins,2026-03-27,5,12.6,7.6
John Collins,2026-03-29,22,12.35,9.65
John Collins,2026-03-31,17,12.62,4.38
John Collins,2026-04-02,15,10.7,4.3
John Collins,2026-04-05,25,11.21,13.79
John Collins,2026-04-07,12,14.01,2.01
John Collins,2026-04-08,12,13.81,1.81
John Collins,2026-04-10,0,13.27,13.27
John Collins,2026-04-12,18,12.68,5.32
OG Anunoby,2026-03-11,22,17.18,4.82
OG Anunoby,2026-03-13,25,18.74,6.26
OG Anunoby,2026-03-15,14,18.86,4.86
OG Anunoby,2026-03-17,26,17.66,8.34
OG Anunoby,2026-03-20,16,18.67,2.67
OG Anunoby,2026-03-22,9,19.5,10.5
OG Anunoby,2026-03-24,21,17.66,3.34
OG Anunoby,2026-03-26,17,17.23,0.23
OG Anunoby,2026-03-29,10,16.86,6.86
OG Anunoby,2026-03-31,8,15.27,7.27
OG Anunoby,2026-04-01,25,15.57,9.43
OG Anunoby,2026-04-03,31,17.99,13.01
OG Anunoby,2026-04-06,22,17.45,4.55
OG Anunoby,2026-04-09,13,16.41,3.41
OG Anunoby,2026-04-10,2,17.29,15.29
Jarrett Allen,2026-03-27,18,17.85,0.15
Jarrett Allen,2026-03-31,18,17.78,0.22
Jarrett Allen,2026-04-02,16,16.19,0.19
Jarrett Allen,2026-04-06,13,15.17,2.17
Jarrett Allen,2026-04-08,16,13.51,2.49
Bam Adebayo,2026-03-10,83,22.1,60.9
Bam Adebayo,2026-03-12,21,27.56,6.56
Bam Adebayo,2026-03-14,20,27.44,7.44
Bam Adebayo,2026-03-19,28,27.95,0.05
Bam Adebayo,2026-03-21,32,31.63,0.37
Bam Adebayo,2026-03-23,18,32.49,14.49
Bam Adebayo,2026-03-25,17,23.25,6.25
Bam Adebayo,2026-03-27,14,23.61,9.61
Bam Adebayo,2026-03-29,15,24.34,9.34
Bam Adebayo,2026-03-30,23,22.21,0.79
Bam Adebayo,2026-04-01,29,19.92,9.08
Bam Adebayo,2026-04-04,14,21.08,7.08
Bam Adebayo,2026-04-07,7,19.15,12.15
Bam Adebayo,2026-04-09,24,19.13,4.87
Bam Adebayo,2026-04-10,20,21.73,1.73
Bam Adebayo,2026-04-12,25,19.88,5.12
Isaiah Hartenstein,2026-03-15,0,9.61,9.61
Isaiah Hartenstein,2026-03-17,0,8.85,8.85
Isaiah Hartenstein,2026-03-21,9,9.88,0.88
Isaiah Hartenstein,2026-03-23,10,9.07,0.93
Isaiah Hartenstein,2026-03-25,6,7.32,1.32
Isaiah Hartenstein,2026-03-27,6,8.11,2.11
Isaiah Hartenstein,2026-03-29,6,7.45,1.45
Isaiah Hartenstein,2026-04-02,7,7.51,0.51
Isaiah Hartenstein,2026-04-05,10,7.54,2.46
Isaiah Hartenstein,2026-04-07,0,6.17,6.17
Isaiah Hartenstein,2026-04-08,10,6.01,3.99
Tony Bradley,2026-04-10,7,4.77,2.23
Tony Bradley,2026-04-12,4,5.3,1.3
Kyle Kuzma,2026-03-10,33,13.37,19.63
Kyle Kuzma,2026-03-12,5,14.48,9.48
Kyle Kuzma,2026-03-14,11,13.11,2.11
Kyle Kuzma,2026-03-15,8,14.47,6.47
Kyle Kuzma,2026-03-17,3,15.39,12.39
Kyle Kuzma,2026-03-19,11,14.27,3.27
Kyle Kuzma,2026-03-21,20,9.94,10.06
Kyle Kuzma,2026-03-31,20,11.81,8.19
Kyle Kuzma,2026-04-03,14,11.34,2.66
Kyle Kuzma,2026-04-05,4,12.62,8.62
Kyle Kuzma,2026-04-10,8,12.12,4.12
Derrick White,2026-03-10,34,17.53,16.47
Derrick White,2026-03-14,15,20.64,5.64
Derrick White,2026-03-16,21,19.69,1.31
Derrick White,2026-03-18,11,18.37,7.37
Derrick White,2026-03-20,14,18.44,4.44
Derrick White,2026-03-22,15,19.65,4.65
Derrick White,2026-03-25,12,16.24,4.24
Derrick White,2026-03-27,10,16.52,6.52
Derrick White,2026-03-30,7,14.65,7.65
Derrick White,2026-04-01,6,14.92,8.92
Derrick White,2026-04-03,17,13.11,3.89
Derrick White,2026-04-05,10,12.33,2.33
Derrick White,2026-04-07,12,11.31,0.69
Derrick White,2026-04-09,8,10.46,2.46
Derrick White,2026-04-10,9,11.43,2.43
Josh Hart,2026-03-15,7,10.91,3.91
Josh Hart,2026-03-17,33,12.02,20.98
Josh Hart,2026-03-22,16,14.2,1.8
Josh Hart,2026-03-24,10,13.67,3.67
Josh Hart,2026-03-26,16,12.93,3.07
Josh Hart,2026-03-29,15,14.76,0.24
Josh Hart,2026-03-31,13,16.13,3.13
Josh Hart,2026-04-01,5,14.35,9.35
Josh Hart,2026-04-03,7,13.99,6.99
Josh Hart,2026-04-06,2,13.48,11.48
Josh Hart,2026-04-09,26,10.82,15.18
Josh Hart,2026-04-10,3,11.7,8.7
Dillon Brooks,2026-03-31,9,20.33,11.33
Dillon Brooks,2026-04-02,13,18.15,5.15
Dillon Brooks,2026-04-05,15,16.94,1.94
Dillon Brooks,2026-04-07,10,13.68,3.68
Dillon Brooks,2026-04-08,28,12.67,15.33
Dillon Brooks,2026-04-10,12,14.66,2.66
Thomas Bryant,2026-03-11,12,8.93,3.07
Thomas Bryant,2026-03-13,11,8.77,2.23
Thomas Bryant,2026-03-15,10,9.04,0.96
Thomas Bryant,2026-03-17,5,8.38,3.38
Thomas Bryant,2026-03-19,5,8.97,3.97
Thomas Bryant,2026-03-21,11,8.16,2.84
Thomas Bryant,2026-03-24,9,7.44,1.56
Thomas Bryant,2026-03-25,4,7.11,3.11
Thomas Bryant,2026-03-27,11,6.63,4.37
Thomas Bryant,2026-03-30,2,8.42,6.42
Thomas Bryant,2026-03-31,14,7.44,6.56
Thomas Bryant,2026-04-02,3,7.28,4.28
Thomas Bryant,2026-04-05,14,8.01,5.99
Luke Kornet,2026-03-10,4,2.89,1.11
Luke Kornet,2026-03-12,0,3.73,3.73
Luke Kornet,2026-03-14,10,4.42,5.58
Luke Kornet,2026-03-17,4,6.22,2.22
Luke Kornet,2026-03-19,1,4.17,3.17
Luke Kornet,2026-03-21,9,5.39,3.61
Luke Kornet,2026-03-23,5,5.69,0.69
Luke Kornet,2026-03-28,2,5.88,3.88
Luke Kornet,2026-03-30,10,6.28,3.72
Luke Kornet,2026-04-02,8,6.29,1.71
Luke Kornet,2026-04-04,0,7.15,7.15
Luke Kornet,2026-04-06,10,6.56,3.44
Luke Kornet,2026-04-08,10,7.38,2.62
Luke Kornet,2026-04-10,2,7.89,5.89
Maxi Kleber,2026-03-25,2,4.11,2.11
Maxi Kleber,2026-04-02,0,3.07,3.07
Maxi Kleber,2026-04-05,2,4.19,2.19
Maxi Kleber,2026-04-07,2,2.74,0.74
Maxi Kleber,2026-04-09,0,3.13,3.13
Maxi Kleber,2026-04-10,2,2.24,0.24
Maxi Kleber,2026-04-12,2,3.68,1.68
Grayson Allen,2026-03-10,12,19.03,7.03
Grayson Allen,2026-03-13,15,18.41,3.41
Grayson Allen,2026-03-16,13,16.27,3.27
Grayson Allen,2026-03-24,21,16.47,4.53
Grayson Allen,2026-03-28,19,16.33,2.67
Grayson Allen,2026-03-31,10,15.6,5.6
Grayson Allen,2026-04-02,13,15.31,2.31
Grayson Allen,2026-04-05,6,15.91,9.91
Grayson Allen,2026-04-07,8,14.25,6.25
Grayson Allen,2026-04-10,8,12.42,4.42
Marvin Bagley III,2026-03-10,7,11.89,4.89
Marvin Bagley III,2026-03-12,6,12.33,6.33
Marvin Bagley III,2026-03-13,4,11.18,7.18
Marvin Bagley III,2026-03-15,6,8.79,2.79
Marvin Bagley III,2026-03-16,9,8.8,0.2
Marvin Bagley III,2026-03-18,2,8.85,6.85
Marvin Bagley III,2026-03-21,17,6.71,10.29
Marvin Bagley III,2026-03-23,9,7.41,1.59
Marvin Bagley III,2026-03-25,7,7.15,0.15
Marvin Bagley III,2026-03-27,26,7.3,18.7
Marvin Bagley III,2026-04-05,9,9.08,0.08
Marvin Bagley III,2026-04-07,21,9.81,11.19
Marvin Bagley III,2026-04-08,20,10.12,9.88
Marvin Bagley III,2026-04-10,2,12.86,10.86
Mikal Bridges,2026-03-11,5,11.4,6.4
Mikal Bridges,2026-03-13,11,10.97,0.03
Mikal Bridges,2026-03-15,7,9.43,2.43
Mikal Bridges,2026-03-17,10,9.22,0.78
Mikal Bridges,2026-03-20,9,9.53,0.53
Mikal Bridges,2026-03-22,14,10.42,3.58
Mikal Bridges,2026-03-24,14,10.19,3.81
Mikal Bridges,2026-03-26,14,9.96,4.04
Mikal Bridges,2026-03-29,15,10.22,4.78
Mikal Bridges,2026-03-31,7,11.0,4.0
Mikal Bridges,2026-04-01,24,12.02,11.98
Mikal Bridges,2026-04-03,12,13.32,1.32
Mikal Bridges,2026-04-06,15,12.02,2.98
Mikal Bridges,2026-04-09,10,11.09,1.09
Mikal Bridges,2026-04-10,13,11.4,1.6
Miles Bridges,2026-03-10,11,13.84,2.84
Miles Bridges,2026-03-11,26,13.78,12.22
Miles Bridges,2026-03-14,22,13.36,8.64
Miles Bridges,2026-03-17,14,15.28,1.28
Miles Bridges,2026-03-19,11,15.48,4.48
Miles Bridges,2026-03-21,13,16.18,3.18
Miles Bridges,2026-03-24,9,16.16,7.16
Miles Bridges,2026-03-26,17,13.49,3.51
Miles Bridges,2026-03-28,11,13.44,2.44
Miles Bridges,2026-03-29,14,11.92,2.08
Miles Bridges,2026-03-31,19,12.77,6.23
Miles Bridges,2026-04-02,25,13.41,11.59
Miles Bridges,2026-04-03,19,15.41,3.59
Miles Bridges,2026-04-05,25,14.62,10.38
Miles Bridges,2026-04-07,13,16.01,3.01
Miles Bridges,2026-04-10,10,17.27,7.27
Miles Bridges,2026-04-12,7,16.92,9.92
Bruce Brown,2026-03-11,7,6.35,0.65
Bruce Brown,2026-03-12,6,6.16,0.16
Bruce Brown,2026-03-14,12,6.48,5.52
Bruce Brown,2026-03-17,12,6.29,5.71
Bruce Brown,2026-03-18,1,7.68,6.68
Bruce Brown,2026-03-20,12,7.34,4.66
Bruce Brown,2026-03-22,13,8.42,4.58
Bruce Brown,2026-03-24,9,9.25,0.25
Bruce Brown,2026-03-25,6,9.88,3.88
Bruce Brown,2026-03-27,7,9.89,2.89
Bruce Brown,2026-03-29,15,9.39,5.61
Bruce Brown,2026-04-01,11,10.99,0.01
Bruce Brown,2026-04-04,5,9.48,4.48
Bruce Brown,2026-04-06,6,9.05,3.05
Bruce Brown,2026-04-08,13,10.11,2.89
Bruce Brown,2026-04-10,10,9.9,0.1
Bruce Brown,2026-04-12,14,8.99,5.01
Jalen Brunson,2026-03-11,28,22.15,5.85
Jalen Brunson,2026-03-13,29,20.98,8.02
Jalen Brunson,2026-03-15,30,21.91,8.09
Jalen Brunson,2026-03-20,17,24.79,7.79
Jalen Brunson,2026-03-22,23,25.16,2.16
Jalen Brunson,2026-03-24,32,24.05,7.95
Jalen Brunson,2026-03-26,26,23.69,2.31
Jalen Brunson,2026-03-29,32,22.82,9.18
Jalen Brunson,2026-03-31,12,22.97,10.97
Jalen Brunson,2026-04-03,17,24.17,7.17
Jalen Brunson,2026-04-06,30,23.33,6.67
Jalen Brunson,2026-04-09,25,22.84,2.16
Jalen Brunson,2026-04-10,29,22.06,6.94
Jevon Carter,2026-03-11,9,7.92,1.08
Jevon Carter,2026-03-12,6,8.58,2.58
Jevon Carter,2026-03-14,7,7.11,0.11
Jevon Carter,2026-03-16,13,6.64,6.36
Jevon Carter,2026-03-17,11,6.66,4.34
Jevon Carter,2026-03-19,11,7.25,3.75
Jevon Carter,2026-03-21,13,8.42,4.58
Jevon Carter,2026-03-23,2,9.64,7.64
Jevon Carter,2026-03-24,15,9.26,5.74
Jevon Carter,2026-03-26,7,10.54,3.54
Jevon Carter,2026-03-29,7,9.13,2.13
Jevon Carter,2026-03-31,0,7.81,7.81
Jevon Carter,2026-04-01,3,7.63,4.63
Jevon Carter,2026-04-03,5,7.82,2.82
Jevon Carter,2026-04-05,11,6.24,4.76
Jevon Carter,2026-04-06,0,5.54,5.54
Jevon Carter,2026-04-08,11,5.3,5.7
Jevon Carter,2026-04-10,7,5.66,1.34
Jevon Carter,2026-04-12,3,5.03,2.03
Wendell Carter Jr.,2026-03-11,11,10.97,0.03
Wendell Carter Jr.,2026-03-12,19,11.64,7.36
Wendell Carter Jr.,2026-03-14,15,12.64,2.36
Wendell Carter Jr.,2026-03-16,17,12.84,4.16
Wendell Carter Jr.,2026-03-17,11,12.94,1.94
Wendell Carter Jr.,2026-03-21,13,14.26,1.26
Wendell Carter Jr.,2026-03-23,17,14.87,2.13
Wendell Carter Jr.,2026-03-24,15,14.34,0.66
Wendell Carter Jr.,2026-03-26,10,14.74,4.74
Wendell Carter Jr.,2026-03-29,4,13.3,9.3
Wendell Carter Jr.,2026-03-31,15,12.6,2.4
Wendell Carter Jr.,2026-04-01,14,13.74,0.26
Wendell Carter Jr.,2026-04-03,28,13.13,14.87
Wendell Carter Jr.,2026-04-05,13,13.95,0.95
Wendell Carter Jr.,2026-04-06,12,12.91,0.91
Wendell Carter Jr.,2026-04-08,4,14.73,10.73
Wendell Carter Jr.,2026-04-10,11,15.02,4.02
Wendell Carter Jr.,2026-04-12,3,13.48,10.48
Donte DiVincenzo,2026-03-10,8,11.9,3.9
Donte DiVincenzo,2026-03-11,6,10.66,4.66
Donte DiVincenzo,2026-03-13,7,10.14,3.14
Donte DiVincenzo,2026-03-15,16,9.0,7.0
Donte DiVincenzo,2026-03-17,0,9.37,9.37
Donte DiVincenzo,2026-03-18,9,10.48,1.48
Donte DiVincenzo,2026-03-20,13,9.18,3.82
Donte DiVincenzo,2026-03-22,8,9.45,1.45
Donte DiVincenzo,2026-03-25,17,9.55,7.45
Donte DiVincenzo,2026-03-28,22,9.23,12.77
Donte DiVincenzo,2026-03-30,15,12.59,2.41
Donte DiVincenzo,2026-04-02,5,12.17,7.17
Donte DiVincenzo,2026-04-03,11,12.04,1.04
Donte DiVincenzo,2026-04-05,6,12.72,6.72
Donte DiVincenzo,2026-04-07,11,12.19,1.19
Donte DiVincenzo,2026-04-08,12,10.52,1.48
Donte DiVincenzo,2026-04-10,18,9.32,8.68
Donte DiVincenzo,2026-04-12,3,11.28,8.28
Shai Gilgeous-Alexander,2026-03-12,35,27.08,7.92
Shai Gilgeous-Alexander,2026-03-15,20,27.0,7.0
Shai Gilgeous-Alexander,2026-03-17,40,26.07,13.93
Shai Gilgeous-Alexander,2026-03-18,20,27.96,7.96
Shai Gilgeous-Alexander,2026-03-21,40,27.58,12.42
Shai Gilgeous-Alexander,2026-03-23,22,26.73,4.73
Shai Gilgeous-Alexander,2026-03-25,33,24.69,8.31
Shai Gilgeous-Alexander,2026-03-27,25,26.46,1.46
Shai Gilgeous-Alexander,2026-03-29,30,24.36,5.64
Shai Gilgeous-Alexander,2026-03-30,47,25.94,21.06
Shai Gilgeous-Alexander,2026-04-02,28,26.51,1.49
Shai Gilgeous-Alexander,2026-04-05,20,28.48,8.48
Shai Gilgeous-Alexander,2026-04-07,25,26.25,1.25
Shai Gilgeous-Alexander,2026-04-08,20,26.55,6.55
Aaron Holiday,2026-03-11,2,5.68,3.68
Aaron Holiday,2026-03-20,9,5.63,3.37
Aaron Holiday,2026-03-21,8,5.64,2.36
Aaron Holiday,2026-03-23,3,5.88,2.88
Aaron Holiday,2026-03-25,3,5.9,2.9
Aaron Holiday,2026-03-27,6,6.17,0.17
Aaron Holiday,2026-03-29,9,5.91,3.09
Aaron Holiday,2026-03-31,0,5.18,5.18
Aaron Holiday,2026-04-01,3,5.61,2.61
Aaron Holiday,2026-04-03,6,5.95,0.05
Aaron Holiday,2026-04-05,6,5.19,0.81
Aaron Holiday,2026-04-07,12,4.89,7.11
Aaron Holiday,2026-04-09,7,4.91,2.09
Aaron Holiday,2026-04-10,0,4.88,4.88
Aaron Holiday,2026-04-12,7,5.66,1.34
Kevin Huerter,2026-03-10,7,5.97,1.03
Kevin Huerter,2026-03-12,12,5.54,6.46
Kevin Huerter,2026-03-13,11,7.02,3.98
Kevin Huerter,2026-03-15,3,7.34,4.34
Kevin Huerter,2026-03-17,4,8.21,4.21
Kevin Huerter,2026-03-19,14,8.82,5.18
Kevin Huerter,2026-03-23,7,8.71,1.71
Kevin Huerter,2026-03-25,8,8.24,0.24
Kevin Huerter,2026-03-26,22,8.25,13.75
Kevin Huerter,2026-03-28,11,9.74,1.26
Kevin Huerter,2026-03-30,17,9.74,7.26
Kevin Huerter,2026-03-31,8,11.35,3.35
Kevin Huerter,2026-04-02,12,12.19,0.19
Kevin Huerter,2026-04-04,5,12.09,7.09
Kevin Huerter,2026-04-06,17,10.91,6.09
Kevin Huerter,2026-04-10,5,11.3,6.3
Kevin Huerter,2026-04-12,15,9.84,5.16
Caleb Martin,2026-03-12,2,8.38,6.38
Caleb Martin,2026-03-13,4,5.93,1.93
Caleb Martin,2026-03-15,5,5.02,0.02
De'Anthony Melton,2026-03-13,12,16.54,4.54
De'Anthony Melton,2026-03-16,27,15.17,11.83
De'Anthony Melton,2026-03-18,5,15.73,10.73
De'Anthony Melton,2026-03-20,14,16.27,2.27
De'Anthony Melton,2026-03-21,20,15.39,4.61
De'Anthony Melton,2026-03-23,0,15.76,15.76
De'Anthony Melton,2026-03-25,14,14.21,0.21
De'Anthony Melton,2026-03-29,0,12.9,12.9
De'Anthony Melton,2026-04-02,5,13.43,8.43
De'Anthony Melton,2026-04-05,6,11.41,5.41
De'Anthony Melton,2026-04-07,21,10.43,10.57
De'Anthony Melton,2026-04-09,2,10.76,8.76
De'Anthony Melton,2026-04-10,17,9.13,7.87
De'Anthony Melton,2026-04-12,4,9.74,5.74
Svi Mykhailiuk,2026-03-28,14,10.03,3.97
Svi Mykhailiuk,2026-04-05,17,8.43,8.57
Josh Okogie,2026-03-10,0,3.94,3.94
Josh Okogie,2026-03-11,12,4.79,7.21
Josh Okogie,2026-03-13,3,6.15,3.15
Josh Okogie,2026-03-16,0,4.81,4.81
Josh Okogie,2026-03-18,3,3.98,0.98
Josh Okogie,2026-03-20,2,4.6,2.6
Josh Okogie,2026-03-29,2,4.67,2.67
Josh Okogie,2026-03-31,0,2.52,2.52
Josh Okogie,2026-04-01,8,3.16,4.84
Josh Okogie,2026-04-03,2,3.98,1.98
Josh Okogie,2026-04-05,2,2.04,0.04
Josh Okogie,2026-04-07,1,2.23,1.23
Josh Okogie,2026-04-09,9,3.2,5.8
Josh Okogie,2026-04-10,2,3.48,1.48
Josh Okogie,2026-04-12,3,4.64,1.64
Michael Porter Jr.,2026-03-10,19,20.73,1.73
Mitchell Robinson,2026-03-11,6,5.09,0.91
Mitchell Robinson,2026-03-13,12,4.12,7.88
Mitchell Robinson,2026-03-15,4,5.49,1.49
Mitchell Robinson,2026-03-17,8,6.16,1.84
Mitchell Robinson,2026-03-20,3,5.38,2.38
Mitchell Robinson,2026-03-22,10,6.4,3.6
Mitchell Robinson,2026-03-24,11,6.28,4.72
Mitchell Robinson,2026-03-26,4,4.82,0.82
Mitchell Robinson,2026-03-29,3,4.5,1.5
Mitchell Robinson,2026-03-31,5,4.48,0.52
Mitchell Robinson,2026-04-03,17,6.3,10.7
Mitchell Robinson,2026-04-06,8,6.2,1.8
Mitchell Robinson,2026-04-09,7,5.43,1.57
Collin Sexton,2026-03-18,14,16.27,2.27
Collin Sexton,2026-03-19,9,16.87,7.87
Collin Sexton,2026-03-23,25,16.33,8.67
Collin Sexton,2026-03-25,16,18.56,2.56
Collin Sexton,2026-03-27,22,15.49,6.51
Collin Sexton,2026-03-28,26,15.81,10.19
Collin Sexton,2026-03-30,20,17.69,2.31
Collin Sexton,2026-04-01,18,19.7,1.7
Collin Sexton,2026-04-03,19,17.84,1.16
Collin Sexton,2026-04-05,18,18.71,0.71
Collin Sexton,2026-04-07,15,19.35,4.35
Collin Sexton,2026-04-09,27,18.3,8.7
Collin Sexton,2026-04-10,12,18.44,6.44
Collin Sexton,2026-04-12,19,18.18,0.82
Landry Shamet,2026-03-11,7,10.9,3.9
Landry Shamet,2026-03-13,9,9.44,0.44
Landry Shamet,2026-03-15,10,8.65,1.35
Landry Shamet,2026-03-17,2,10.22,8.22
Landry Shamet,2026-03-20,3,8.87,5.87
Landry Shamet,2026-04-01,13,8.68,4.32
Landry Shamet,2026-04-03,8,9.73,1.73
Landry Shamet,2026-04-06,1,8.02,7.02
Landry Shamet,2026-04-09,3,6.15,3.15
Landry Shamet,2026-04-10,8,7.12,0.88
Gary Trent Jr.,2026-03-14,5,5.49,0.49
Gary Trent Jr.,2026-03-19,4,6.23,2.23
Gary Trent Jr.,2026-03-21,11,5.35,5.65
Gary Trent Jr.,2026-03-23,20,6.45,13.55
Gary Trent Jr.,2026-03-25,0,8.5,8.5
Gary Trent Jr.,2026-03-28,18,7.08,10.92
Gary Trent Jr.,2026-03-29,36,8.2,27.8
Gary Trent Jr.,2026-03-31,13,13.34,0.34
Gary Trent Jr.,2026-04-01,0,12.08,12.08
Gary Trent Jr.,2026-04-08,7,10.57,3.57
Jarred Vanderbilt,2026-03-10,4,3.35,0.65
Jarred Vanderbilt,2026-03-12,0,4.3,4.3
Jarred Vanderbilt,2026-03-23,4,2.99,1.01
Jarred Vanderbilt,2026-03-25,5,3.83,1.17
Jarred Vanderbilt,2026-03-27,0,2.81,2.81
Jarred Vanderbilt,2026-03-30,4,3.65,0.35
Jarred Vanderbilt,2026-04-02,9,2.34,6.66
Jarred Vanderbilt,2026-04-05,5,4.05,0.95
Jarred Vanderbilt,2026-04-09,2,2.92,0.92
Jarred Vanderbilt,2026-04-10,6,3.55,2.45
Jarred Vanderbilt,2026-04-12,4,5.42,1.42
Moritz Wagner,2026-03-11,1,8.84,7.84
Moritz Wagner,2026-03-12,7,9.28,2.28
Moritz Wagner,2026-03-14,7,8.18,1.18
Moritz Wagner,2026-03-16,7,7.64,0.64
Moritz Wagner,2026-03-17,5,6.72,1.72
Moritz Wagner,2026-03-19,5,7.51,2.51
Moritz Wagner,2026-03-29,7,7.81,0.81
Moritz Wagner,2026-04-01,2,7.66,5.66
Moritz Wagner,2026-04-08,4,7.08,3.08
P.J. Washington,2026-03-10,7,12.77,5.77
P.J. Washington,2026-03-12,12,13.44,1.44
P.J. Washington,2026-03-15,20,12.44,7.56
P.J. Washington,2026-03-16,18,12.77,5.23
P.J. Washington,2026-03-18,23,13.39,9.61
P.J. Washington,2026-03-21,21,14.06,6.94
P.J. Washington,2026-03-23,9,15.95,6.95
P.J. Washington,2026-03-25,19,16.29,2.71
P.J. Washington,2026-03-27,5,16.34,11.34
P.J. Washington,2026-04-05,15,15.53,0.53
Kenrich Williams,2026-03-18,9,6.16,2.84
Kenrich Williams,2026-03-21,11,6.93,4.07
Kenrich Williams,2026-03-30,0,6.03,6.03
Kenrich Williams,2026-04-02,7,6.57,0.43
Kenrich Williams,2026-04-05,8,7.26,0.74
Kenrich Williams,2026-04-07,2,5.78,3.78
Kenrich Williams,2026-04-10,15,5.6,9.4
Kenrich Williams,2026-04-12,13,6.63,6.37
Trae Young,2026-03-12,15,18.51,3.51
Trae Young,2026-03-14,11,15.76,4.76
Trae Young,2026-03-16,21,13.61,7.39
Deandre Ayton,2026-03-10,14,7.22,6.78
Deandre Ayton,2026-03-12,23,8.72,14.28
Deandre Ayton,2026-03-14,9,10.61,1.61
Deandre Ayton,2026-03-16,7,9.39,2.39
Deandre Ayton,2026-03-18,16,9.85,6.15
Deandre Ayton,2026-03-19,6,11.85,5.85
Deandre Ayton,2026-03-21,9,10.76,1.76
Deandre Ayton,2026-03-23,13,8.49,4.51
Deandre Ayton,2026-03-27,9,9.78,0.78
Deandre Ayton,2026-03-30,12,9.64,2.36
Deandre Ayton,2026-03-31,18,7.72,10.28
Deandre Ayton,2026-04-02,8,8.39,0.39
Deandre Ayton,2026-04-05,13,9.13,3.87
Deandre Ayton,2026-04-07,3,8.7,5.7
Deandre Ayton,2026-04-09,21,10.28,10.72
Deandre Ayton,2026-04-10,10,11.54,1.54
Deandre Ayton,2026-04-12,22,12.42,9.58
Luka Dončić,2026-03-10,31,27.86,3.14
Luka Dončić,2026-03-12,51,28.78,22.22
Luka Dončić,2026-03-14,30,32.25,2.25
Luka Dončić,2026-03-16,36,32.85,3.15
Luka Dončić,2026-03-18,40,31.34,8.66
Luka Dončić,2026-03-19,60,33.7,26.3
Luka Dončić,2026-03-21,33,36.32,3.32
Luka Dončić,2026-03-23,32,33.68,1.68
Luka Dončić,2026-03-25,43,35.29,7.71
Luka Dončić,2026-03-27,41,36.94,4.06
Luka Dončić,2026-03-31,42,36.25,5.75
Luka Dončić,2026-04-02,12,32.71,20.71
Goga Bitadze,2026-03-16,4,3.53,0.47
Goga Bitadze,2026-03-17,0,3.13,3.13
Goga Bitadze,2026-03-19,4,3.92,0.08
Goga Bitadze,2026-03-21,9,4.19,4.81
Goga Bitadze,2026-03-23,6,4.94,1.06
Goga Bitadze,2026-03-24,4,4.71,0.71
Goga Bitadze,2026-03-26,6,5.45,0.55
Goga Bitadze,2026-03-29,6,4.58,1.42
Goga Bitadze,2026-03-31,3,4.67,1.67
Goga Bitadze,2026-04-01,4,5.56,1.56
Goga Bitadze,2026-04-03,2,5.07,3.07
Goga Bitadze,2026-04-05,6,5.72,0.28
Goga Bitadze,2026-04-06,9,5.47,3.53
Goga Bitadze,2026-04-08,14,6.25,7.75
Goga Bitadze,2026-04-10,15,7.28,7.72
Goga Bitadze,2026-04-12,5,6.79,1.79
Robert Williams III,2026-03-10,6,8.55,2.55
Robert Williams III,2026-03-15,6,9.07,3.07
Robert Williams III,2026-03-18,2,9.89,7.89
Robert Williams III,2026-03-20,2,8.02,6.02
Robert Williams III,2026-03-22,16,8.36,7.64
Robert Williams III,2026-03-25,6,8.58,2.58
Robert Williams III,2026-03-27,4,7.67,3.67
Robert Williams III,2026-03-29,4,7.22,3.22
Robert Williams III,2026-03-31,6,5.94,0.06
Robert Williams III,2026-04-02,6,6.21,0.21
Robert Williams III,2026-04-06,6,4.48,1.52
Robert Williams III,2026-04-08,4,4.22,0.22
Robert Williams III,2026-04-10,13,4.45,8.55
Robert Williams III,2026-04-12,6,6.42,0.42
Rui Hachimura,2026-03-10,9,8.6,0.4
Rui Hachimura,2026-03-12,15,9.86,5.14
Rui Hachimura,2026-03-14,6,11.1,5.1
Rui Hachimura,2026-03-16,6,9.59,3.59
Rui Hachimura,2026-03-18,8,9.42,1.42
Rui Hachimura,2026-03-19,7,9.19,2.19
Rui Hachimura,2026-03-21,2,8.07,6.07
Rui Hachimura,2026-03-27,8,6.09,1.91
Rui Hachimura,2026-03-30,14,7.0,7.0
Rui Hachimura,2026-03-31,14,6.42,7.58
Rui Hachimura,2026-04-02,4,5.8,1.8
Rui Hachimura,2026-04-05,21,6.92,14.08
Rui Hachimura,2026-04-07,15,8.5,6.5
Rui Hachimura,2026-04-09,12,10.24,1.76
Rui Hachimura,2026-04-10,13,9.94,3.06
Rui Hachimura,2026-04-12,22,12.16,9.84
Jock Landale,2026-03-10,0,9.7,9.7
Jock Landale,2026-03-12,4,9.2,5.2
Jock Landale,2026-03-14,10,8.53,1.47
Jock Landale,2026-03-16,8,7.37,0.63
Jock Landale,2026-03-18,5,6.77,1.77
Jock Landale,2026-03-20,6,5.15,0.85
Jock Landale,2026-03-21,7,6.35,0.65
Jock Landale,2026-03-23,11,7.0,4.0
Jock Landale,2026-03-25,5,5.74,0.74
Jock Landale,2026-03-28,19,7.41,11.59
Jock Landale,2026-04-01,8,8.35,0.35
Duncan Robinson,2026-03-10,15,8.83,6.17
Duncan Robinson,2026-03-12,19,9.61,9.39
Duncan Robinson,2026-03-13,14,10.68,3.32
Duncan Robinson,2026-03-15,1,9.99,8.99
Duncan Robinson,2026-03-17,8,10.21,2.21
Duncan Robinson,2026-03-19,14,11.38,2.62
Duncan Robinson,2026-03-20,11,11.72,0.72
Duncan Robinson,2026-03-23,12,9.95,2.05
Duncan Robinson,2026-03-25,17,9.8,7.2
Duncan Robinson,2026-03-28,10,11.08,1.08
Duncan Robinson,2026-03-31,19,11.65,7.35
Duncan Robinson,2026-04-02,15,11.93,3.07
Duncan Robinson,2026-04-04,11,12.9,1.9
Duncan Robinson,2026-04-08,20,12.3,7.7
Duncan Robinson,2026-04-10,19,12.1,6.9
Duncan Robinson,2026-04-12,9,14.01,5.01
Jordan McLaughlin,2026-03-16,3,3.97,0.97
Jordan McLaughlin,2026-03-17,3,3.83,0.83
Jordan McLaughlin,2026-03-19,0,2.32,2.32
Jordan McLaughlin,2026-03-21,6,3.21,2.79
Jordan McLaughlin,2026-03-25,2,3.82,1.82
Jordan McLaughlin,2026-03-28,2,3.41,1.41
Jordan McLaughlin,2026-04-08,2,2.49,0.49
Jordan McLaughlin,2026-04-10,3,3.28,0.28
Gabe Vincent,2026-03-10,8,5.4,2.6
Gabe Vincent,2026-03-12,6,5.16,0.84
Gabe Vincent,2026-03-14,3,4.76,1.76
Gabe Vincent,2026-03-16,0,3.99,3.99
Gabe Vincent,2026-03-18,3,4.75,1.75
Gabe Vincent,2026-03-20,6,4.36,1.64
Gabe Vincent,2026-03-21,2,5.13,3.13
Gabe Vincent,2026-03-23,5,4.7,0.3
Gabe Vincent,2026-03-25,8,4.2,3.8
Gabe Vincent,2026-03-27,3,4.29,1.29
Gabe Vincent,2026-03-28,2,5.7,3.7
Gabe Vincent,2026-03-30,2,4.39,2.39
Gabe Vincent,2026-04-01,5,5.29,0.29
Gabe Vincent,2026-04-03,3,5.34,2.34
Gabe Vincent,2026-04-06,0,4.67,4.67
Gabe Vincent,2026-04-08,10,5.03,4.97
Gabe Vincent,2026-04-10,3,4.59,1.59
Drew Eubanks,2026-03-10,4,5.88,1.88
Drew Eubanks,2026-03-11,4,5.57,1.57
Amir Coffey,2026-03-12,2,4.44,2.44
Amir Coffey,2026-03-19,0,3.35,3.35
Amir Coffey,2026-04-08,0,3.58,3.58
Amir Coffey,2026-04-10,7,2.77,4.23
Amir Coffey,2026-04-12,17,1.7,15.3
Terance Mann,2026-03-12,8,7.02,0.98
Terance Mann,2026-03-14,5,6.98,1.98
Terance Mann,2026-03-18,0,6.18,6.18
Terance Mann,2026-03-22,5,7.64,2.64
Terance Mann,2026-03-25,4,7.0,3.0
Terance Mann,2026-03-27,5,6.41,1.41
Terance Mann,2026-03-29,8,6.98,1.02
Terance Mann,2026-04-03,8,6.66,1.34
Andrew Nembhard,2026-03-12,23,16.47,6.53
Andrew Nembhard,2026-03-13,8,14.69,6.69
Andrew Nembhard,2026-03-21,25,13.67,11.33
Andrew Nembhard,2026-03-23,13,15.53,2.53
Andrew Nembhard,2026-03-25,14,16.54,2.54
Andrew Nembhard,2026-03-27,13,16.13,3.13
Andrew Nembhard,2026-03-29,15,16.86,1.86
Jalen Pickett,2026-03-11,3,2.27,0.73
Jalen Pickett,2026-03-17,4,2.57,1.43
Jalen Pickett,2026-04-08,5,2.58,2.42
Jalen Pickett,2026-04-10,13,1.63,11.37
Jalen Pickett,2026-04-12,11,3.4,7.6
Max Strus,2026-04-10,2,13.65,11.65
Max Strus,2026-04-12,10,11.92,1.92
Zion Williamson,2026-03-11,19,15.78,3.22
Zion Williamson,2026-03-13,21,18.23,2.77
Zion Williamson,2026-03-16,27,18.18,8.82
Zion Williamson,2026-03-18,14,17.61,3.61
Zion Williamson,2026-03-19,15,16.62,1.62
Zion Williamson,2026-03-21,25,16.55,8.45
Zion Williamson,2026-03-24,22,17.22,4.78
Zion Williamson,2026-03-26,21,16.75,4.25
Zion Williamson,2026-03-27,22,15.98,6.02
Zion Williamson,2026-03-29,18,17.49,0.51
Zion Williamson,2026-04-02,15,18.52,3.52
Zion Williamson,2026-04-03,13,17.84,4.84
Zion Williamson,2026-04-05,17,16.9,0.1
RJ Barrett,2026-03-10,25,17.77,7.23
RJ Barrett,2026-03-11,16,20.02,4.02
RJ Barrett,2026-03-13,22,19.09,2.91
RJ Barrett,2026-03-15,27,20.1,6.9
RJ Barrett,2026-03-18,23,21.72,1.28
RJ Barrett,2026-03-20,18,19.82,1.82
RJ Barrett,2026-03-22,13,18.87,5.87
RJ Barrett,2026-03-23,27,20.01,6.99
RJ Barrett,2026-03-25,12,19.44,7.44
RJ Barrett,2026-03-27,18,18.62,0.62
RJ Barrett,2026-03-29,24,17.37,6.63
RJ Barrett,2026-03-31,24,17.69,6.31
RJ Barrett,2026-04-01,20,19.92,0.08
RJ Barrett,2026-04-03,25,18.74,6.26
RJ Barrett,2026-04-05,15,18.69,3.69
RJ Barrett,2026-04-07,16,19.99,3.99
RJ Barrett,2026-04-09,22,19.23,2.77
RJ Barrett,2026-04-12,26,19.51,6.49
Coby White,2026-03-11,9,13.74,4.74
Coby White,2026-03-14,18,13.27,4.73
Coby White,2026-03-17,24,13.3,10.7
Coby White,2026-03-19,27,13.26,13.74
Coby White,2026-03-21,12,14.58,2.58
Coby White,2026-03-24,27,15.93,11.07
Coby White,2026-03-26,17,17.53,0.53
Coby White,2026-03-28,16,18.52,2.52
Coby White,2026-03-29,11,16.21,5.21
Coby White,2026-03-31,16,15.6,0.4
Coby White,2026-04-02,19,16.42,2.58
Coby White,2026-04-03,11,16.69,5.69
Coby White,2026-04-05,17,14.99,2.01
Coby White,2026-04-10,11,14.67,3.67
Coby White,2026-04-12,19,14.67,4.33
Darius Garland,2026-03-11,21,16.65,4.35
Darius Garland,2026-03-14,25,16.71,8.29
Darius Garland,2026-03-16,25,18.16,6.84
Darius Garland,2026-03-18,13,20.92,7.92
Darius Garland,2026-03-21,41,19.66,21.34
Darius Garland,2026-03-23,15,21.4,6.4
Darius Garland,2026-03-25,24,20.21,3.79
Darius Garland,2026-03-27,30,20.17,9.83
Darius Garland,2026-03-29,15,21.64,6.64
Darius Garland,2026-03-31,20,21.58,1.58
Darius Garland,2026-04-02,11,18.46,7.46
Darius Garland,2026-04-05,17,20.65,3.65
Darius Garland,2026-04-07,22,19.14,2.86
Darius Garland,2026-04-10,16,17.33,1.33
Darius Garland,2026-04-12,15,18.06,3.06
Jaxson Hayes,2026-03-14,5,7.43,2.43
Jaxson Hayes,2026-03-16,0,8.2,8.2
Jaxson Hayes,2026-03-18,1,8.67,7.67
Jaxson Hayes,2026-03-19,6,8.08,2.08
Jaxson Hayes,2026-03-21,8,7.37,0.63
Jaxson Hayes,2026-03-23,11,6.11,4.89
Jaxson Hayes,2026-03-25,21,7.13,13.87
Jaxson Hayes,2026-03-27,10,7.82,2.18
Jaxson Hayes,2026-03-30,19,8.61,10.39
Jaxson Hayes,2026-03-31,4,8.58,4.58
Jaxson Hayes,2026-04-02,12,8.88,3.12
Jaxson Hayes,2026-04-05,23,10.04,12.96
Nickeil Alexander-Walker,2026-03-10,29,17.57,11.43
Nickeil Alexander-Walker,2026-03-12,18,18.23,0.23
Nickeil Alexander-Walker,2026-03-14,20,18.56,1.44
Nickeil Alexander-Walker,2026-03-16,41,19.66,21.34
Nickeil Alexander-Walker,2026-03-18,22,22.33,0.33
Nickeil Alexander-Walker,2026-03-20,21,21.29,0.29
Nickeil Alexander-Walker,2026-03-21,17,20.32,3.32
Nickeil Alexander-Walker,2026-03-23,26,21.77,4.23
Nickeil Alexander-Walker,2026-03-25,21,21.48,0.48
Nickeil Alexander-Walker,2026-03-27,20,18.8,1.2
Nickeil Alexander-Walker,2026-03-28,27,19.95,7.05
Nickeil Alexander-Walker,2026-03-30,17,20.08,3.08
Nickeil Alexander-Walker,2026-04-01,32,21.32,10.68
Nickeil Alexander-Walker,2026-04-03,21,21.76,0.76
Nickeil Alexander-Walker,2026-04-06,36,20.84,15.16
Nickeil Alexander-Walker,2026-04-08,25,22.37,2.63
Nickeil Alexander-Walker,2026-04-10,18,22.5,4.5
Tyler Herro,2026-03-14,10,20.66,10.66
Tyler Herro,2026-03-17,20,20.5,0.5
Tyler Herro,2026-03-19,21,21.45,0.45
Tyler Herro,2026-03-21,25,20.93,4.07
Tyler Herro,2026-03-23,18,19.44,1.44
Tyler Herro,2026-03-25,18,18.55,0.55
Tyler Herro,2026-03-27,11,19.49,8.49
Tyler Herro,2026-03-29,31,19.53,11.47
Tyler Herro,2026-03-30,30,19.9,10.1
Tyler Herro,2026-04-01,18,18.86,0.86
Tyler Herro,2026-04-07,14,19.32,5.32
Tyler Herro,2026-04-09,15,20.2,5.2
Tyler Herro,2026-04-12,5,21.61,16.61
Keldon Johnson,2026-03-10,8,8.86,0.86
Keldon Johnson,2026-03-12,5,10.13,5.13
Keldon Johnson,2026-03-14,13,9.17,3.83
Keldon Johnson,2026-03-16,8,10.34,2.34
Keldon Johnson,2026-03-17,18,11.08,6.92
Keldon Johnson,2026-03-19,6,9.1,3.1
Keldon Johnson,2026-03-21,24,10.09,13.91
Keldon Johnson,2026-03-23,21,10.86,10.14
Keldon Johnson,2026-03-25,15,12.17,2.83
Keldon Johnson,2026-03-28,16,12.58,3.42
Keldon Johnson,2026-03-30,15,13.21,1.79
Keldon Johnson,2026-04-01,11,14.15,3.15
Keldon Johnson,2026-04-02,13,13.5,0.5
Keldon Johnson,2026-04-04,10,13.29,3.29
Keldon Johnson,2026-04-06,13,12.97,0.03
Keldon Johnson,2026-04-08,20,13.31,6.69
Keldon Johnson,2026-04-10,17,14.49,2.51
Keldon Johnson,2026-04-12,18,14.18,3.82
Kevin Porter Jr.,2026-03-12,6,18.18,12.18
Kevin Porter Jr.,2026-03-14,18,14.41,3.59
Kevin Porter Jr.,2026-03-17,25,13.18,11.82
Nic Claxton,2026-03-10,2,10.76,8.76
Nic Claxton,2026-03-12,8,11.16,3.16
Nic Claxton,2026-03-16,12,10.13,1.87
Nic Claxton,2026-03-18,4,8.23,4.23
Nic Claxton,2026-03-20,8,7.77,0.23
Nic Claxton,2026-03-23,10,7.97,2.03
Nic Claxton,2026-03-25,8,8.64,0.64
Nic Claxton,2026-03-27,16,8.75,7.25
Nic Claxton,2026-03-29,10,9.2,0.8
Nic Claxton,2026-03-31,4,9.25,5.25
Nic Claxton,2026-04-03,16,9.07,6.93
Luguentz Dort,2026-03-12,6,8.33,2.33
Luguentz Dort,2026-03-15,3,9.54,6.54
Luguentz Dort,2026-03-17,5,9.46,4.46
Luguentz Dort,2026-03-23,2,7.94,5.94
Luguentz Dort,2026-03-25,14,6.47,7.53
Luguentz Dort,2026-03-27,3,7.82,4.82
Luguentz Dort,2026-03-29,12,6.4,5.6
Luguentz Dort,2026-03-30,2,6.89,4.89
Luguentz Dort,2026-04-02,14,7.42,6.58
Luguentz Dort,2026-04-05,13,9.0,4.0
Luguentz Dort,2026-04-07,8,7.84,0.16
Luguentz Dort,2026-04-08,6,7.67,1.67
Luguentz Dort,2026-04-10,5,8.0,3.0
Luguentz Dort,2026-04-12,6,7.96,1.96
Daniel Gafford,2026-03-10,14,9.64,4.36
Daniel Gafford,2026-03-12,22,10.05,11.95
Daniel Gafford,2026-03-18,24,11.82,12.18
Daniel Gafford,2026-03-21,7,13.29,6.29
Daniel Gafford,2026-03-23,20,13.93,6.07
Daniel Gafford,2026-03-30,21,14.4,6.6
Daniel Gafford,2026-03-31,7,15.97,8.97
Daniel Gafford,2026-04-03,7,13.95,6.95
Daniel Gafford,2026-04-05,7,12.87,5.87
Quentin Grimes,2026-03-10,23,11.83,11.17
Quentin Grimes,2026-03-12,14,13.24,0.76
Quentin Grimes,2026-03-14,28,16.1,11.9
Quentin Grimes,2026-03-15,31,18.18,12.82
Quentin Grimes,2026-03-17,12,18.71,6.71
Quentin Grimes,2026-03-19,27,18.88,8.12
Quentin Grimes,2026-03-21,25,20.7,4.3
Quentin Grimes,2026-03-25,13,22.75,9.75
Quentin Grimes,2026-03-28,8,19.66,11.66
Quentin Grimes,2026-03-30,11,17.71,6.71
Quentin Grimes,2026-04-01,12,18.6,6.6
Quentin Grimes,2026-04-03,10,15.15,5.15
Quentin Grimes,2026-04-04,0,12.42,12.42
Quentin Grimes,2026-04-06,5,11.07,6.07
Quentin Grimes,2026-04-09,20,10.4,9.6
Quentin Grimes,2026-04-10,4,12.18,8.18
Quentin Grimes,2026-04-12,20,10.07,9.93
Ty Jerome,2026-03-10,26,18.23,7.77
Ty Jerome,2026-03-13,21,18.44,2.56
Ty Jerome,2026-03-18,21,19.2,1.8
Ty Jerome,2026-03-20,16,18.54,2.54
Ty Jerome,2026-03-23,17,20.32,3.32
Cameron Johnson,2026-03-11,17,9.65,7.35
Cameron Johnson,2026-03-12,15,9.18,5.82
Cameron Johnson,2026-03-14,18,10.39,7.61
Cameron Johnson,2026-03-17,18,11.53,6.47
Cameron Johnson,2026-03-18,20,12.36,7.64
Cameron Johnson,2026-03-20,6,13.47,7.47
Cameron Johnson,2026-03-22,19,13.91,5.09
Cameron Johnson,2026-03-24,14,14.14,0.14
Cameron Johnson,2026-03-25,12,15.4,3.4
Cameron Johnson,2026-03-27,12,15.16,3.16
Cameron Johnson,2026-03-29,6,13.63,7.63
Cameron Johnson,2026-04-01,19,14.34,4.66
Cameron Johnson,2026-04-04,17,12.7,4.3
Cameron Johnson,2026-04-06,17,13.18,3.82
Cameron Johnson,2026-04-08,18,13.43,4.57
Jordan Poole,2026-03-16,4,10.99,6.99
Jordan Poole,2026-03-19,5,10.67,5.67
Jordan Poole,2026-03-27,12,8.23,3.77
Jordan Poole,2026-03-29,0,8.57,8.57
Jordan Poole,2026-04-07,34,9.41,24.59
Jordan Poole,2026-04-10,11,10.04,0.96
Neemias Queta,2026-03-10,5,11.48,6.48
Neemias Queta,2026-03-12,4,11.3,7.3
Neemias Queta,2026-03-14,24,10.81,13.19
Neemias Queta,2026-03-16,5,10.89,5.89
Neemias Queta,2026-03-18,8,9.75,1.75
Neemias Queta,2026-03-20,12,9.56,2.44
Neemias Queta,2026-03-22,4,10.56,6.56
Neemias Queta,2026-03-25,13,9.3,3.7
Neemias Queta,2026-03-27,5,9.03,4.03
Neemias Queta,2026-03-29,17,7.99,9.01
Neemias Queta,2026-04-01,16,9.21,6.79
Neemias Queta,2026-04-03,19,10.69,8.31
Neemias Queta,2026-04-05,18,11.22,6.78
Neemias Queta,2026-04-07,12,11.53,0.47
Neemias Queta,2026-04-09,10,12.84,2.84
Neemias Queta,2026-04-10,7,13.48,6.48
Naz Reid,2026-03-10,13,10.58,2.42
Naz Reid,2026-03-11,18,10.27,7.73
Naz Reid,2026-03-13,12,10.89,1.11
Naz Reid,2026-03-15,6,11.17,5.17
Naz Reid,2026-03-17,11,11.07,0.07
Naz Reid,2026-03-22,11,10.97,0.03
Naz Reid,2026-03-25,14,11.11,2.89
Naz Reid,2026-03-28,8,10.84,2.84
Naz Reid,2026-03-30,12,11.63,0.37
Naz Reid,2026-04-02,19,11.55,7.45
Naz Reid,2026-04-03,12,13.71,1.71
Naz Reid,2026-04-05,6,13.66,7.66
Naz Reid,2026-04-07,17,13.67,3.33
Naz Reid,2026-04-08,15,14.08,0.92
Matisse Thybulle,2026-03-10,3,5.43,2.43
Matisse Thybulle,2026-03-13,6,6.24,0.24
Matisse Thybulle,2026-03-15,5,5.54,0.54
Matisse Thybulle,2026-03-16,5,5.27,0.27
Matisse Thybulle,2026-03-18,6,5.27,0.73
Matisse Thybulle,2026-03-20,5,5.08,0.08
Matisse Thybulle,2026-03-22,3,5.66,2.66
Matisse Thybulle,2026-03-23,10,4.97,5.03
Matisse Thybulle,2026-03-25,14,5.65,8.35
Matisse Thybulle,2026-03-27,4,6.42,2.42
Matisse Thybulle,2026-03-29,10,6.79,3.21
Matisse Thybulle,2026-03-31,5,6.52,1.52
Matisse Thybulle,2026-04-02,13,7.76,5.24
Matisse Thybulle,2026-04-06,14,8.09,5.91
Matisse Thybulle,2026-04-08,0,8.32,8.32
Matisse Thybulle,2026-04-10,6,9.01,3.01
Matisse Thybulle,2026-04-12,5,9.56,4.56
Grant Williams,2026-03-10,3,9.66,6.66
Grant Williams,2026-03-14,6,8.56,2.56
Grant Williams,2026-03-17,8,9.74,1.74
Grant Williams,2026-03-19,0,7.77,7.77
Grant Williams,2026-03-21,5,7.21,2.21
Grant Williams,2026-03-24,0,6.7,6.7
Grant Williams,2026-03-26,5,5.81,0.81
Grant Williams,2026-03-28,9,5.93,3.07
Grant Williams,2026-03-31,10,6.68,3.32
Grant Williams,2026-04-02,10,5.96,4.04
Grant Williams,2026-04-05,8,6.73,1.27
Grant Williams,2026-04-07,9,6.54,2.46
Grant Williams,2026-04-10,2,7.86,5.86
Grant Williams,2026-04-12,8,7.34,0.66
John Konchar,2026-03-18,3,5.42,2.42
John Konchar,2026-03-21,9,4.74,4.26
John Konchar,2026-03-23,19,4.57,14.43
John Konchar,2026-03-25,8,6.35,1.65
John Konchar,2026-03-27,16,6.28,9.72
John Konchar,2026-03-28,3,7.4,4.4
John Konchar,2026-03-30,6,9.41,3.41
John Konchar,2026-04-01,12,9.98,2.02
John Konchar,2026-04-03,3,9.88,6.88
John Konchar,2026-04-05,9,9.17,0.17
John Konchar,2026-04-07,12,9.64,2.36
John Konchar,2026-04-10,11,11.15,0.15
John Konchar,2026-04-12,4,10.55,6.55
Dean Wade,2026-03-11,0,7.08,7.08
Dean Wade,2026-03-13,3,7.32,4.32
Dean Wade,2026-03-15,12,6.26,5.74
Dean Wade,2026-03-17,9,7.11,1.89
Dean Wade,2026-03-19,0,7.31,7.31
Dean Wade,2026-03-21,7,5.99,1.01
Dean Wade,2026-03-24,2,6.63,4.63
Dean Wade,2026-04-08,8,7.07,0.93
Dean Wade,2026-04-10,3,5.96,2.96
Javonte Green,2026-03-10,8,6.88,1.12
Javonte Green,2026-03-12,17,7.41,9.59
Javonte Green,2026-03-13,6,7.84,1.84
Javonte Green,2026-03-15,8,7.29,0.71
Javonte Green,2026-03-17,3,8.27,5.27
Javonte Green,2026-03-19,2,9.31,7.31
Javonte Green,2026-03-20,5,7.83,2.83
Javonte Green,2026-03-23,6,6.53,0.53
Javonte Green,2026-03-25,7,4.98,2.02
Javonte Green,2026-03-26,8,5.78,2.22
Javonte Green,2026-03-28,6,4.83,1.17
Javonte Green,2026-03-30,19,4.53,14.47
Javonte Green,2026-03-31,0,6.33,6.33
Javonte Green,2026-04-02,8,7.8,0.2
Javonte Green,2026-04-04,2,7.63,5.63
Javonte Green,2026-04-06,17,7.88,9.12
Javonte Green,2026-04-08,8,9.27,1.27
Javonte Green,2026-04-10,6,7.42,1.42
Javonte Green,2026-04-12,6,6.96,0.96
Anthony Edwards,2026-03-10,14,25.12,11.12
Anthony Edwards,2026-03-11,36,23.98,12.02
Anthony Edwards,2026-03-13,42,25.6,16.4
Anthony Edwards,2026-03-15,19,24.86,5.86
Anthony Edwards,2026-03-30,17,25.36,8.36
Anthony Edwards,2026-04-03,8,23.4,15.4
Anthony Edwards,2026-04-10,22,23.27,1.27
LaMelo Ball,2026-03-10,14,18.28,4.28
LaMelo Ball,2026-03-11,30,18.81,11.19
LaMelo Ball,2026-03-14,17,19.62,2.62
LaMelo Ball,2026-03-17,30,19.23,10.77
LaMelo Ball,2026-03-19,20,20.14,0.14
LaMelo Ball,2026-03-21,29,20.16,8.84
LaMelo Ball,2026-03-24,20,21.61,1.61
LaMelo Ball,2026-03-26,22,19.97,2.03
LaMelo Ball,2026-03-28,20,21.61,1.61
LaMelo Ball,2026-03-29,19,19.93,0.93
LaMelo Ball,2026-03-31,14,21.11,7.11
LaMelo Ball,2026-04-02,15,19.79,4.79
LaMelo Ball,2026-04-03,18,19.51,1.51
LaMelo Ball,2026-04-05,35,18.76,16.24
LaMelo Ball,2026-04-07,36,18.71,17.29
LaMelo Ball,2026-04-10,27,20.55,6.45
LaMelo Ball,2026-04-12,19,21.87,2.87
,2026-03-15,16,5.75,10.25
,2026-03-17,7,6.86,0.14
,2026-03-19,8,8.27,0.27
,2026-03-22,2,8.22,6.22
,2026-03-28,10,8.03,1.97
,2026-03-29,1,9.34,8.34
,2026-04-01,5,7.7,2.7
,2026-04-03,5,8.18,3.18
,2026-04-05,2,7.69,5.69
,2026-04-07,18,7.58,10.42
,2026-04-10,6,8.52,2.52
,2026-04-12,9,8.47,0.53
Deni Avdija,2026-03-10,22,18.1,3.9
Deni Avdija,2026-03-13,17,20.1,3.1
Deni Avdija,2026-03-15,25,17.38,7.62
Deni Avdija,2026-03-16,18,18.88,0.88
Deni Avdija,2026-03-18,32,19.81,12.19
Deni Avdija,2026-03-20,25,20.91,4.09
Deni Avdija,2026-03-22,23,21.88,1.12
Deni Avdija,2026-03-23,18,23.15,5.15
Deni Avdija,2026-03-25,18,22.68,4.68
Deni Avdija,2026-03-27,20,23.06,3.06
Deni Avdija,2026-03-29,20,21.92,1.92
Deni Avdija,2026-03-31,28,19.75,8.25
Deni Avdija,2026-04-02,26,20.39,5.61
Deni Avdija,2026-04-06,26,21.31,4.69
Deni Avdija,2026-04-08,29,22.08,6.92
Deni Avdija,2026-04-10,35,23.18,11.82
Deni Avdija,2026-04-12,25,25.6,0.6
Obi Toppin,2026-03-15,11,8.35,2.65
Obi Toppin,2026-03-17,15,7.91,7.09
Obi Toppin,2026-03-21,11,8.97,2.03
Obi Toppin,2026-03-23,8,9.73,1.73
Obi Toppin,2026-03-25,15,8.94,6.06
Obi Toppin,2026-03-27,20,9.18,10.82
Obi Toppin,2026-03-29,12,10.99,1.01
Obi Toppin,2026-04-01,6,10.9,4.9
Obi Toppin,2026-04-03,11,10.25,0.75
Obi Toppin,2026-04-05,21,11.24,9.76
Obi Toppin,2026-04-07,14,12.34,1.66
Obi Toppin,2026-04-09,26,11.29,14.71
Obi Toppin,2026-04-10,7,13.17,6.17
Obi Toppin,2026-04-12,21,13.21,7.79
Onyeka Okongwu,2026-03-10,18,15.08,2.92
Onyeka Okongwu,2026-03-12,13,15.85,2.85
Onyeka Okongwu,2026-03-14,4,16.56,12.56
Onyeka Okongwu,2026-03-16,15,13.83,1.17
Onyeka Okongwu,2026-03-18,12,13.57,1.57
Onyeka Okongwu,2026-03-20,6,12.96,6.96
Onyeka Okongwu,2026-03-21,6,12.17,6.17
Onyeka Okongwu,2026-03-23,16,11.88,4.12
Onyeka Okongwu,2026-03-25,11,11.56,0.56
Onyeka Okongwu,2026-03-27,8,9.98,1.98
Onyeka Okongwu,2026-03-30,20,9.15,10.85
Onyeka Okongwu,2026-04-01,16,11.37,4.63
Onyeka Okongwu,2026-04-03,15,12.35,2.65
Onyeka Okongwu,2026-04-06,12,12.53,0.53
Onyeka Okongwu,2026-04-08,18,13.64,4.36
Onyeka Okongwu,2026-04-10,2,14.84,12.84
Devin Vassell,2026-03-10,14,12.67,1.33
Devin Vassell,2026-03-12,18,12.66,5.34
Devin Vassell,2026-03-14,9,12.57,3.57
Devin Vassell,2026-03-16,20,12.21,7.79
Devin Vassell,2026-03-19,12,13.01,1.01
Devin Vassell,2026-03-23,6,14.58,8.58
Devin Vassell,2026-03-25,19,13.75,5.25
Devin Vassell,2026-03-28,16,13.05,2.95
Devin Vassell,2026-03-30,6,14.3,8.3
Devin Vassell,2026-04-01,8,12.15,4.15
Devin Vassell,2026-04-02,14,12.04,1.96
Devin Vassell,2026-04-04,18,13.87,4.13
Devin Vassell,2026-04-06,9,13.52,4.52
Devin Vassell,2026-04-08,14,12.24,1.76
Devin Vassell,2026-04-10,5,12.9,7.9
Devin Vassell,2026-04-12,19,13.07,5.93
Isaac Okoro,2026-03-25,13,11.02,1.98
Isaac Okoro,2026-03-27,20,9.71,10.29
Isaac Okoro,2026-03-28,7,11.37,4.37
Isaac Okoro,2026-03-30,6,10.55,4.55
Isaac Okoro,2026-04-01,14,11.11,2.89
Isaac Okoro,2026-04-03,7,10.79,3.79
Isaac Okoro,2026-04-05,10,9.6,0.4
Isaac Okoro,2026-04-07,11,9.59,1.41
Patrick Williams,2026-03-13,2,7.1,5.1
Patrick Williams,2026-03-16,9,7.67,1.33
Patrick Williams,2026-03-18,7,7.7,0.7
Patrick Williams,2026-03-19,6,7.63,1.63
Patrick Williams,2026-03-23,2,6.49,4.49
Patrick Williams,2026-03-25,10,6.5,3.5
Patrick Williams,2026-03-27,4,6.31,2.31
Patrick Williams,2026-03-28,4,7.06,3.06
Patrick Williams,2026-03-30,2,5.56,3.56
Patrick Williams,2026-04-01,0,6.57,6.57
Patrick Williams,2026-04-03,7,6.11,0.89
Patrick Williams,2026-04-05,5,5.94,0.94
Patrick Williams,2026-04-07,20,7.14,12.86
Patrick Williams,2026-04-09,15,7.95,7.05
Patrick Williams,2026-04-10,8,9.11,1.11
Patrick Williams,2026-04-12,13,10.2,2.8
Precious Achiuwa,2026-03-10,6,16.95,10.95
Precious Achiuwa,2026-03-11,14,13.63,0.37
Precious Achiuwa,2026-03-14,25,15.13,9.87
Precious Achiuwa,2026-03-15,20,17.03,2.97
Precious Achiuwa,2026-03-17,10,13.57,3.57
Precious Achiuwa,2026-03-19,12,13.9,1.9
Precious Achiuwa,2026-03-22,14,15.05,1.05
Precious Achiuwa,2026-03-26,14,15.94,1.94
Precious Achiuwa,2026-03-28,16,14.42,1.58
Precious Achiuwa,2026-03-29,16,12.72,3.28
Precious Achiuwa,2026-04-01,28,13.43,14.57
Precious Achiuwa,2026-04-03,12,16.56,4.56
Precious Achiuwa,2026-04-05,8,15.51,7.51
Precious Achiuwa,2026-04-07,13,14.25,1.25
Precious Achiuwa,2026-04-10,5,15.12,10.12
Precious Achiuwa,2026-04-12,27,13.87,13.13
Aaron Nesmith,2026-03-10,29,10.4,18.6
Aaron Nesmith,2026-03-13,12,10.91,1.09
Aaron Nesmith,2026-03-15,32,11.82,20.18
Aaron Nesmith,2026-03-17,14,13.53,0.47
Aaron Nesmith,2026-03-18,15,15.28,0.28
Aaron Nesmith,2026-03-21,5,15.51,10.51
Aaron Nesmith,2026-03-23,19,13.65,5.35
Aaron Nesmith,2026-03-25,14,14.7,0.7
Aaron Nesmith,2026-03-27,26,13.02,12.98
Tyrese Maxey,2026-03-28,26,25.92,0.08
Tyrese Maxey,2026-03-30,23,25.61,2.61
Tyrese Maxey,2026-04-01,28,24.78,3.22
Tyrese Maxey,2026-04-03,21,25.27,4.27
Tyrese Maxey,2026-04-04,23,24.22,1.22
Tyrese Maxey,2026-04-06,15,22.76,7.76
Tyrese Maxey,2026-04-09,24,21.67,2.33
Tyrese Maxey,2026-04-10,32,22.19,9.81
Tyrese Maxey,2026-04-12,21,22.35,1.35
Saddiq Bey,2026-03-11,9,18.26,9.26
Saddiq Bey,2026-03-13,5,17.67,12.67
Saddiq Bey,2026-03-16,23,17.27,5.73
Saddiq Bey,2026-03-18,25,17.45,7.55
Saddiq Bey,2026-03-19,20,17.13,2.87
Saddiq Bey,2026-03-21,19,16.06,2.94
Saddiq Bey,2026-03-24,18,16.95,1.05
Saddiq Bey,2026-03-26,17,18.84,1.84
Saddiq Bey,2026-03-27,19,18.35,0.65
Saddiq Bey,2026-03-29,18,16.72,1.28
Saddiq Bey,2026-04-02,15,16.75,1.75
Saddiq Bey,2026-04-03,20,17.26,2.74
Saddiq Bey,2026-04-05,32,17.39,14.61
Josh Green,2026-03-10,3,6.69,3.69
Josh Green,2026-03-11,0,7.62,7.62
Josh Green,2026-03-14,6,5.38,0.62
Josh Green,2026-03-17,0,5.02,5.02
Josh Green,2026-03-19,5,4.77,0.23
Josh Green,2026-03-21,5,5.16,0.16
Josh Green,2026-03-24,6,5.42,0.58
Josh Green,2026-03-28,2,4.68,2.68
Josh Green,2026-03-29,0,3.28,3.28
Josh Green,2026-03-31,3,4.22,1.22
Josh Green,2026-04-02,0,3.82,3.82
Josh Green,2026-04-03,6,4.58,1.42
Josh Green,2026-04-07,3,3.34,0.34
Josh Green,2026-04-10,0,3.41,3.41
Josh Green,2026-04-12,3,3.24,0.24
Jaden McDaniels,2026-03-10,6,12.76,6.76
Jaden McDaniels,2026-03-11,11,12.3,1.3
Jaden McDaniels,2026-03-13,15,10.71,4.29
Jaden McDaniels,2026-03-15,2,10.0,8.0
Jaden McDaniels,2026-03-17,16,9.46,6.54
Jaden McDaniels,2026-03-18,17,11.89,5.11
Jaden McDaniels,2026-03-20,16,12.13,3.87
Jaden McDaniels,2026-03-22,19,11.03,7.97
Jaden McDaniels,2026-03-25,25,12.15,12.85
Jaden McDaniels,2026-04-08,18,15.08,2.92
Jaden McDaniels,2026-04-10,16,14.92,1.08
Jalen Smith,2026-03-10,12,11.0,1.0
Jalen Smith,2026-03-12,14,11.87,2.13
Jalen Smith,2026-03-16,13,13.12,0.12
Jalen Smith,2026-03-18,10,12.34,2.34
Jalen Smith,2026-03-23,15,11.08,3.92
Jalen Smith,2026-03-25,0,12.03,12.03
Isaiah Stewart,2026-03-10,4,8.51,4.51
Isaiah Stewart,2026-03-12,13,9.95,3.05
Isaiah Stewart,2026-03-13,10,10.47,0.47
Isaiah Stewart,2026-04-08,8,9.25,1.25
Isaiah Stewart,2026-04-10,5,8.1,3.1
Isaiah Stewart,2026-04-12,16,7.58,8.42
Zeke Nnaji,2026-03-11,1,3.19,2.19
Zeke Nnaji,2026-03-17,2,3.79,1.79
Zeke Nnaji,2026-03-29,0,3.07,3.07
Zeke Nnaji,2026-04-08,0,4.31,4.31
Zeke Nnaji,2026-04-10,5,2.79,2.21
Zeke Nnaji,2026-04-12,6,2.96,3.04
Immanuel Quickley,2026-03-10,12,17.19,5.19
Immanuel Quickley,2026-03-11,25,17.65,7.35
Immanuel Quickley,2026-03-13,17,16.7,0.3
Immanuel Quickley,2026-03-15,6,16.41,10.41
Immanuel Quickley,2026-03-18,10,15.96,5.96
Immanuel Quickley,2026-03-20,15,15.95,0.95
Immanuel Quickley,2026-03-22,11,15.85,4.85
Immanuel Quickley,2026-04-07,3,13.99,10.99
Immanuel Quickley,2026-04-09,11,11.79,0.79
Immanuel Quickley,2026-04-12,4,11.66,7.66
Paul Reed,2026-03-10,8,7.16,0.84
Paul Reed,2026-03-12,6,6.19,0.19
Paul Reed,2026-03-15,4,5.34,1.34
Paul Reed,2026-03-17,10,6.91,3.09
Paul Reed,2026-03-19,17,6.78,10.22
Paul Reed,2026-03-20,15,6.86,8.14
Paul Reed,2026-03-23,8,8.47,0.47
Paul Reed,2026-03-25,6,9.11,3.11
Paul Reed,2026-03-26,8,9.94,1.94
Paul Reed,2026-03-28,12,9.55,2.45
Paul Reed,2026-03-30,21,8.09,12.91
Paul Reed,2026-03-31,10,8.73,1.27
Paul Reed,2026-04-02,4,8.96,4.96
Paul Reed,2026-04-04,10,9.14,0.86
Paul Reed,2026-04-06,9,10.37,1.37
Paul Reed,2026-04-08,10,10.19,0.19
Paul Reed,2026-04-10,4,6.83,2.83
Paul Reed,2026-04-12,26,7.34,18.66
Isaiah Joe,2026-03-12,2,12.89,10.89
Isaiah Joe,2026-03-15,20,11.85,8.15
Isaiah Joe,2026-03-17,5,11.39,6.39
Isaiah Joe,2026-03-18,13,11.35,1.65
Isaiah Joe,2026-03-21,9,11.29,2.29
Isaiah Joe,2026-03-23,9,10.95,1.95
Isaiah Joe,2026-03-25,5,10.47,5.47
Isaiah Joe,2026-03-27,15,9.49,5.51
Isaiah Joe,2026-03-29,3,9.46,6.46
Isaiah Joe,2026-03-30,6,7.95,1.95
Isaiah Joe,2026-04-02,20,7.78,12.22
Isaiah Joe,2026-04-05,9,9.87,0.87
Isaiah Joe,2026-04-07,18,8.73,9.27
Isaiah Joe,2026-04-08,21,8.59,12.41
Tre Jones,2026-03-10,22,13.73,8.27
Tre Jones,2026-03-12,18,14.08,3.92
Tre Jones,2026-03-13,21,15.11,5.89
Tre Jones,2026-03-16,17,15.84,1.16
Tre Jones,2026-03-18,6,15.55,9.55
Tre Jones,2026-03-19,20,15.93,4.07
Tre Jones,2026-03-23,15,15.1,0.1
Tre Jones,2026-03-25,15,15.25,0.25
Tre Jones,2026-03-27,21,13.87,7.13
Tre Jones,2026-03-28,19,15.6,3.4
Tre Jones,2026-03-30,23,16.34,6.66
Tre Jones,2026-04-01,15,17.27,2.27
Tre Jones,2026-04-03,13,16.17,3.17
Tre Jones,2026-04-05,29,15.7,13.3
Tre Jones,2026-04-07,20,17.91,2.09
Tre Jones,2026-04-09,31,18.41,12.59
Tre Jones,2026-04-10,23,18.22,4.78
Tre Jones,2026-04-12,6,19.89,13.89
Payton Pritchard,2026-03-12,14,13.37,0.63
Payton Pritchard,2026-03-14,4,15.39,11.39
Payton Pritchard,2026-03-16,19,11.11,7.89
Payton Pritchard,2026-03-18,19,13.52,5.48
Payton Pritchard,2026-03-20,19,13.99,5.01
Payton Pritchard,2026-03-22,10,13.54,3.54
Payton Pritchard,2026-03-25,14,12.9,1.1
Payton Pritchard,2026-03-27,36,14.81,21.19
Payton Pritchard,2026-03-29,28,16.84,11.16
Payton Pritchard,2026-03-30,16,17.59,1.59
Payton Pritchard,2026-04-01,14,16.9,2.9
Payton Pritchard,2026-04-03,16,18.47,2.47
Payton Pritchard,2026-04-05,17,19.33,2.33
Payton Pritchard,2026-04-07,12,16.27,4.27
Payton Pritchard,2026-04-09,23,14.21,8.79
Payton Pritchard,2026-04-10,21,15.51,5.49
Nick Richards,2026-03-10,10,10.6,0.6
Nick Richards,2026-03-12,15,10.51,4.49
Nick Richards,2026-03-13,10,9.99,0.01
Nick Richards,2026-03-16,5,10.9,5.9
Nick Richards,2026-03-18,4,10.39,6.39
Nick Richards,2026-03-19,16,10.16,5.84
Nick Richards,2026-03-23,11,10.02,0.98
Nick Richards,2026-03-25,2,10.35,8.35
Desmond Bane,2026-03-11,35,20.11,14.89
Desmond Bane,2026-03-12,22,22.32,0.32
Desmond Bane,2026-03-14,21,21.76,0.76
Desmond Bane,2026-03-16,18,22.4,4.4
Desmond Bane,2026-03-17,16,21.06,5.06
Desmond Bane,2026-03-19,24,21.34,2.66
Desmond Bane,2026-03-21,12,20.03,8.03
Desmond Bane,2026-03-23,17,19.33,2.33
Desmond Bane,2026-03-24,17,18.16,1.16
Desmond Bane,2026-03-26,23,18.95,4.05
Desmond Bane,2026-03-29,17,18.16,1.16
Desmond Bane,2026-03-31,21,16.83,4.17
Desmond Bane,2026-04-01,14,18.29,4.29
Desmond Bane,2026-04-03,27,18.19,8.81
Desmond Bane,2026-04-05,27,19.11,7.89
Desmond Bane,2026-04-06,25,19.27,5.73
Desmond Bane,2026-04-08,18,20.07,2.07
Desmond Bane,2026-04-10,2,20.55,18.55
Desmond Bane,2026-04-12,8,18.74,10.74
Jalen Green,2026-03-10,25,15.69,9.31
Jalen Green,2026-03-12,36,17.84,18.16
Jalen Green,2026-03-13,34,19.38,14.62
Jalen Green,2026-03-16,21,21.67,0.67
Jalen Green,2026-03-17,9,22.72,13.72
Jalen Green,2026-03-19,17,21.93,4.93
Jalen Green,2026-03-21,24,23.13,0.87
Jalen Green,2026-03-22,20,20.79,0.79
Jalen Green,2026-03-24,21,18.47,2.53
Jalen Green,2026-03-28,31,19.1,11.9
Jalen Green,2026-03-30,21,20.67,0.33
Jalen Green,2026-03-31,8,20.43,12.43
Jalen Green,2026-04-02,25,17.96,7.04
Jalen Green,2026-04-05,25,20.29,4.71
Jalen Green,2026-04-07,15,19.54,4.54
Jonathan Kuminga,2026-03-12,2,13.11,11.11
Jonathan Kuminga,2026-03-16,7,12.86,5.86
Jonathan Kuminga,2026-03-18,16,14.58,1.42
Jonathan Kuminga,2026-03-21,2,13.6,11.6
Jonathan Kuminga,2026-03-23,16,12.17,3.83
Jonathan Kuminga,2026-03-25,8,10.77,2.77
Jonathan Kuminga,2026-03-27,3,11.15,8.15
Jonathan Kuminga,2026-03-30,10,10.46,0.46
Jonathan Kuminga,2026-04-01,12,10.16,1.84
Jonathan Kuminga,2026-04-03,12,9.93,2.07
Jonathan Kuminga,2026-04-06,5,8.37,3.37
Jonathan Kuminga,2026-04-08,24,8.59,15.41
Jonathan Kuminga,2026-04-10,15,10.89,4.11
Naji Marshall,2026-03-10,14,15.05,1.05
Naji Marshall,2026-03-12,5,10.97,5.97
Naji Marshall,2026-03-13,17,10.9,6.1
Naji Marshall,2026-03-15,25,11.53,13.47
Naji Marshall,2026-03-16,32,12.99,19.01
Naji Marshall,2026-03-18,4,15.46,11.46
Naji Marshall,2026-03-21,28,14.29,13.71
Naji Marshall,2026-03-23,16,18.29,2.29
Naji Marshall,2026-03-25,22,19.5,2.5
Naji Marshall,2026-03-27,19,18.9,0.1
Naji Marshall,2026-04-03,9,17.5,8.5
Naji Marshall,2026-04-05,13,17.86,4.86
Naji Marshall,2026-04-07,6,16.05,10.05
Sam Merrill,2026-03-11,13,10.66,2.34
Sam Merrill,2026-03-17,17,9.94,7.06
Sam Merrill,2026-03-19,13,10.67,2.33
Sam Merrill,2026-03-21,15,10.22,4.78
Sam Merrill,2026-03-24,19,11.2,7.8
Sam Merrill,2026-03-25,18,13.36,4.64
Sam Merrill,2026-03-27,10,13.85,3.85
Sam Merrill,2026-03-30,9,13.98,4.98
Sam Merrill,2026-04-02,3,13.24,10.24
Sam Merrill,2026-04-06,21,13.85,7.15
Sam Merrill,2026-04-08,6,14.14,8.14
Ayo Dosunmu,2026-03-10,13,10.49,2.51
Ayo Dosunmu,2026-03-13,12,10.2,1.8
Ayo Dosunmu,2026-03-15,18,10.09,7.91
Ayo Dosunmu,2026-03-17,19,10.62,8.38
Ayo Dosunmu,2026-03-18,23,12.14,10.86
Ayo Dosunmu,2026-03-20,17,13.56,3.44
Ayo Dosunmu,2026-03-22,17,14.03,2.97
Ayo Dosunmu,2026-03-30,18,16.19,1.81
Ayo Dosunmu,2026-04-02,19,16.02,2.98
Ayo Dosunmu,2026-04-03,19,16.84,2.16
Ayo Dosunmu,2026-04-05,12,16.77,4.77
Ayo Dosunmu,2026-04-07,24,17.1,6.9
Ayo Dosunmu,2026-04-10,15,17.27,2.27
Vít Krejčí,2026-03-10,3,8.38,5.38
Vít Krejčí,2026-03-13,2,8.53,6.53
Vít Krejčí,2026-03-15,9,6.12,2.88
Jae'Sean Tate,2026-03-21,0,3.99,3.99
Jae'Sean Tate,2026-03-25,5,3.24,1.76
Jae'Sean Tate,2026-03-27,2,3.88,1.88
Jae'Sean Tate,2026-03-29,4,3.57,0.43
Jae'Sean Tate,2026-03-31,2,2.84,0.84
Jae'Sean Tate,2026-04-03,7,3.97,3.03
Jae'Sean Tate,2026-04-05,0,3.01,3.01
Jae'Sean Tate,2026-04-07,2,3.05,1.05
Jae'Sean Tate,2026-04-10,2,3.01,1.01
Jae'Sean Tate,2026-04-12,13,3.74,9.26
Anthony Gill,2026-03-10,6,8.17,2.17
Anthony Gill,2026-03-12,4,7.74,3.74
Anthony Gill,2026-03-14,0,6.63,6.63
Anthony Gill,2026-03-16,4,6.62,2.62
Anthony Gill,2026-03-17,2,6.41,4.41
Anthony Gill,2026-03-19,0,5.26,5.26
Anthony Gill,2026-03-21,13,4.85,8.15
Anthony Gill,2026-03-22,18,5.49,12.51
Anthony Gill,2026-03-25,8,7.74,0.26
Anthony Gill,2026-03-27,14,6.31,7.69
Anthony Gill,2026-03-29,8,7.97,0.03
Anthony Gill,2026-03-30,11,8.69,2.31
Anthony Gill,2026-04-01,21,9.18,11.82
Anthony Gill,2026-04-04,6,10.07,4.07
Anthony Gill,2026-04-05,17,9.75,7.25
Anthony Gill,2026-04-07,8,10.92,2.92
Anthony Gill,2026-04-09,14,11.49,2.51
Anthony Gill,2026-04-10,10,11.45,1.45
Anthony Gill,2026-04-12,14,10.31,3.69
Pat Spencer,2026-03-10,17,7.06,9.94
Pat Spencer,2026-03-13,7,8.19,1.19
Pat Spencer,2026-03-15,9,7.8,1.2
Pat Spencer,2026-03-16,10,9.5,0.5
Pat Spencer,2026-03-18,14,9.2,4.8
Pat Spencer,2026-03-20,6,10.53,4.53
Pat Spencer,2026-03-21,18,9.2,8.8
Pat Spencer,2026-03-23,2,10.24,8.24
Pat Spencer,2026-03-25,4,9.35,5.35
Pat Spencer,2026-03-27,13,9.49,3.51
Pat Spencer,2026-03-29,7,9.59,2.59
Pat Spencer,2026-04-01,14,9.3,4.7
Pat Spencer,2026-04-02,12,9.12,2.88
Pat Spencer,2026-04-05,7,9.59,2.59
Pat Spencer,2026-04-07,14,10.37,3.63
Pat Spencer,2026-04-09,12,10.56,1.44
Pat Spencer,2026-04-10,2,11.92,9.92
Pat Spencer,2026-04-12,7,9.22,2.22
Brandon Williams,2026-03-10,13,14.4,1.4
Brandon Williams,2026-03-12,12,13.68,1.68
Brandon Williams,2026-03-13,12,13.31,1.31
Brandon Williams,2026-03-15,12,12.66,0.66
Brandon Williams,2026-03-16,0,13.35,13.35
Brandon Williams,2026-03-25,11,11.75,0.75
Brandon Williams,2026-03-27,10,11.81,1.81
Brandon Williams,2026-03-30,15,11.62,3.38
Brandon Williams,2026-03-31,18,11.38,6.62
Brandon Williams,2026-04-03,23,11.93,11.07
Brandon Williams,2026-04-05,13,13.89,0.89
Lindy Waters III,2026-03-17,11,3.45,7.55
Lindy Waters III,2026-03-21,6,4.24,1.76
Lindy Waters III,2026-03-25,3,4.79,1.79
Lindy Waters III,2026-03-28,1,5.22,4.22
Herbert Jones,2026-03-11,16,8.95,7.05
Herbert Jones,2026-03-13,8,9.71,1.71
Herbert Jones,2026-03-16,10,11.18,1.18
Herbert Jones,2026-03-18,7,10.14,3.14
Herbert Jones,2026-03-19,11,9.18,1.82
Herbert Jones,2026-03-21,12,10.13,1.87
Herbert Jones,2026-03-24,13,9.64,3.36
Herbert Jones,2026-03-26,11,9.82,1.18
Herbert Jones,2026-03-27,2,10.23,8.23
Herbert Jones,2026-03-29,10,10.68,0.68
Herbert Jones,2026-04-02,9,11.34,2.34
Herbert Jones,2026-04-03,3,11.26,8.26
Herbert Jones,2026-04-05,5,9.05,4.05
Trey Murphy III,2026-03-11,28,19.85,8.15
Trey Murphy III,2026-03-13,14,20.26,6.26
Trey Murphy III,2026-03-16,17,20.2,3.2
Trey Murphy III,2026-03-18,23,19.41,3.59
Trey Murphy III,2026-03-19,27,20.25,6.75
Trey Murphy III,2026-03-21,10,20.23,10.23
Trey Murphy III,2026-03-24,16,18.36,2.36
Trey Murphy III,2026-04-02,19,19.03,0.03
Trey Murphy III,2026-04-03,13,20.05,7.05
Franz Wagner,2026-04-01,12,13.69,1.69
Franz Wagner,2026-04-03,18,14.84,3.16
Franz Wagner,2026-04-05,11,14.03,3.03
Franz Wagner,2026-04-08,17,12.4,4.6
Franz Wagner,2026-04-10,25,12.54,12.46
Franz Wagner,2026-04-12,20,13.15,6.85
Ziaire Williams,2026-03-14,9,9.92,0.92
Ziaire Williams,2026-03-16,7,11.57,4.57
Ziaire Williams,2026-03-18,5,10.18,5.18
Ziaire Williams,2026-03-20,17,10.21,6.79
Ziaire Williams,2026-03-22,18,10.54,7.46
Ziaire Williams,2026-03-23,16,11.24,4.76
Ziaire Williams,2026-03-25,19,11.97,7.03
Ziaire Williams,2026-03-27,16,13.18,2.82
Ziaire Williams,2026-03-31,10,14.44,4.44
Ziaire Williams,2026-04-03,8,14.09,6.09
Ochai Agbaji,2026-03-16,8,5.36,2.64
Ochai Agbaji,2026-03-18,10,5.04,4.96
Ochai Agbaji,2026-03-20,8,6.28,1.72
Ochai Agbaji,2026-03-22,3,8.37,5.37
Ochai Agbaji,2026-03-23,0,7.28,7.28
Ochai Agbaji,2026-03-27,2,5.84,3.84
Ochai Agbaji,2026-03-29,18,6.75,11.25
Ochai Agbaji,2026-03-31,2,6.48,4.48
Ochai Agbaji,2026-04-05,12,6.7,5.3
Sharife Cooper,2026-03-10,6,9.38,3.38
Sharife Cooper,2026-03-14,0,9.45,9.45
Sharife Cooper,2026-03-16,4,10.56,6.56
Sharife Cooper,2026-03-17,7,8.07,1.07
Sharife Cooper,2026-03-19,13,7.01,5.99
Sharife Cooper,2026-03-21,3,7.08,4.08
Sharife Cooper,2026-03-22,11,7.63,3.37
Sharife Cooper,2026-03-25,17,9.66,7.34
Sharife Cooper,2026-03-27,7,10.22,3.22
Sharife Cooper,2026-03-29,10,8.89,1.11
Sharife Cooper,2026-03-30,3,8.55,5.55
Sharife Cooper,2026-04-01,11,9.34,1.66
Sharife Cooper,2026-04-04,20,9.47,10.53
Sharife Cooper,2026-04-07,17,10.08,6.92
Sharife Cooper,2026-04-09,9,11.66,2.66
Sharife Cooper,2026-04-10,11,11.35,0.35
Sharife Cooper,2026-04-12,20,12.43,7.57
Bones Hyland,2026-03-10,11,7.18,3.82
Bones Hyland,2026-03-11,10,7.14,2.86
Bones Hyland,2026-03-13,11,6.62,4.38
Bones Hyland,2026-03-15,3,6.34,3.34
Bones Hyland,2026-03-17,22,7.2,14.8
Bones Hyland,2026-03-18,18,10.23,7.77
Bones Hyland,2026-03-20,17,11.14,5.86
Bones Hyland,2026-03-22,23,10.09,12.91
Bones Hyland,2026-03-25,8,12.9,4.9
Bones Hyland,2026-03-28,6,14.53,8.53
Bones Hyland,2026-03-30,12,13.71,1.71
Bones Hyland,2026-04-02,6,12.71,6.71
Bones Hyland,2026-04-03,21,12.52,8.48
Bones Hyland,2026-04-05,18,11.71,6.29
Bones Hyland,2026-04-07,19,13.63,5.37
Bones Hyland,2026-04-08,9,13.58,4.58
Miles McBride,2026-03-29,0,11.63,11.63
Miles McBride,2026-03-31,3,9.29,6.29
Miles McBride,2026-04-03,6,10.49,4.49
Miles McBride,2026-04-06,6,9.06,3.06
Miles McBride,2026-04-09,4,7.47,3.47
Miles McBride,2026-04-12,21,6.21,14.79
Moses Moody,2026-03-23,23,16.51,6.49
Isaiah Jackson,2026-03-11,9,4.52,4.48
Isaiah Jackson,2026-03-13,8,6.49,1.51
Isaiah Jackson,2026-03-14,6,6.7,0.7
Isaiah Jackson,2026-03-16,11,7.29,3.71
Isaiah Jackson,2026-03-18,10,7.15,2.85
Isaiah Jackson,2026-03-19,13,7.55,5.45
Isaiah Jackson,2026-03-21,10,7.99,2.01
Isaiah Jackson,2026-03-23,6,7.71,1.71
Isaiah Jackson,2026-03-25,12,6.98,5.02
Isaiah Jackson,2026-03-27,4,7.99,3.99
Tre Mann,2026-03-19,3,5.64,2.64
Tre Mann,2026-03-24,6,5.82,0.18
Tre Mann,2026-03-31,2,4.8,2.8
Terrence Shannon Jr.,2026-03-10,12,3.58,8.42
Terrence Shannon Jr.,2026-03-11,4,3.48,0.52
Terrence Shannon Jr.,2026-03-18,8,4.64,3.36
Terrence Shannon Jr.,2026-03-20,0,3.96,3.96
Terrence Shannon Jr.,2026-03-28,8,4.79,3.21
Terrence Shannon Jr.,2026-04-02,10,5.19,4.81
Terrence Shannon Jr.,2026-04-03,0,6.45,6.45
Terrence Shannon Jr.,2026-04-08,33,6.38,26.62
Terrence Shannon Jr.,2026-04-10,23,8.37,14.63
Terrence Shannon Jr.,2026-04-12,26,11.54,14.46
Justin Champagnie,2026-03-10,8,12.05,4.05
Justin Champagnie,2026-03-12,12,10.87,1.13
Justin Champagnie,2026-03-14,10,9.16,0.84
Justin Champagnie,2026-03-17,18,8.86,9.14
Justin Champagnie,2026-03-21,3,9.27,6.27
Justin Champagnie,2026-03-27,6,9.84,3.84
Justin Champagnie,2026-03-29,10,10.43,0.43
Justin Champagnie,2026-03-30,18,10.36,7.64
Justin Champagnie,2026-04-01,17,11.2,5.8
Justin Champagnie,2026-04-04,12,10.76,1.24
Justin Champagnie,2026-04-07,5,11.72,6.72
Justin Champagnie,2026-04-09,11,11.99,0.99
Justin Champagnie,2026-04-12,13,12.34,0.66
Jalen Johnson,2026-03-10,27,19.66,7.34
Jalen Johnson,2026-03-12,21,18.54,2.46
Jalen Johnson,2026-03-14,23,21.08,1.92
Jalen Johnson,2026-03-16,24,23.63,0.37
Jalen Johnson,2026-03-18,17,24.48,7.48
Jalen Johnson,2026-03-20,14,21.68,7.68
Jalen Johnson,2026-03-25,27,19.75,7.25
Jalen Johnson,2026-03-27,29,20.94,8.06
Jalen Johnson,2026-03-28,26,22.8,3.2
Jalen Johnson,2026-03-30,20,21.37,1.37
Jalen Johnson,2026-04-01,18,22.01,4.01
Jalen Johnson,2026-04-03,18,23.05,5.05
Jalen Johnson,2026-04-06,21,21.48,0.48
Jalen Johnson,2026-04-08,12,20.75,8.75
Jalen Johnson,2026-04-10,18,18.49,0.49
Corey Kispert,2026-03-10,2,13.25,11.25
Corey Kispert,2026-03-12,7,11.82,4.82
Corey Kispert,2026-03-14,13,8.65,4.35
Corey Kispert,2026-03-18,10,8.93,1.07
Corey Kispert,2026-03-20,2,7.51,5.51
Corey Kispert,2026-03-21,8,7.83,0.17
Corey Kispert,2026-03-23,11,8.66,2.34
Corey Kispert,2026-03-25,5,7.38,2.38
Corey Kispert,2026-03-27,3,6.7,3.7
Corey Kispert,2026-03-28,4,7.57,3.57
Corey Kispert,2026-04-03,13,7.25,5.75
Corey Kispert,2026-04-08,0,7.37,7.37
Corey Kispert,2026-04-10,8,5.87,2.13
Corey Kispert,2026-04-12,21,5.55,15.45
Davion Mitchell,2026-03-10,12,9.33,2.67
Davion Mitchell,2026-03-12,13,7.71,5.29
Davion Mitchell,2026-03-14,14,8.34,5.66
Davion Mitchell,2026-03-17,4,9.04,5.04
Davion Mitchell,2026-03-19,16,8.6,7.4
Davion Mitchell,2026-03-21,15,9.66,5.34
Davion Mitchell,2026-03-23,2,11.36,9.36
Davion Mitchell,2026-03-25,11,10.24,0.76
Davion Mitchell,2026-03-27,2,10.77,8.77
Davion Mitchell,2026-03-29,12,11.63,0.37
Davion Mitchell,2026-03-30,9,10.29,1.29
Davion Mitchell,2026-04-01,21,7.77,13.23
Davion Mitchell,2026-04-04,12,11.0,1.0
Davion Mitchell,2026-04-07,9,9.91,0.91
Davion Mitchell,2026-04-09,15,10.79,4.21
Davion Mitchell,2026-04-12,12,12.26,0.26
Austin Reaves,2026-03-10,31,17.62,13.38
Austin Reaves,2026-03-12,30,19.97,10.03
Austin Reaves,2026-03-14,32,21.2,10.8
Austin Reaves,2026-03-16,15,22.73,7.73
Austin Reaves,2026-03-18,14,23.31,9.31
Austin Reaves,2026-03-19,18,23.32,5.32
Austin Reaves,2026-03-21,26,22.15,3.85
Austin Reaves,2026-03-23,24,20.37,3.63
Austin Reaves,2026-03-25,25,19.81,5.19
Austin Reaves,2026-03-27,26,20.54,5.46
Austin Reaves,2026-03-30,19,22.9,3.9
Austin Reaves,2026-03-31,19,22.27,3.27
Austin Reaves,2026-04-02,15,21.17,6.17
Cam Thomas,2026-03-10,8,9.46,1.46
Cam Thomas,2026-03-12,3,8.36,5.36
Cam Thomas,2026-03-19,14,8.59,5.41
Cam Thomas,2026-03-21,7,8.17,1.17
Scottie Barnes,2026-03-10,24,15.39,8.61
Scottie Barnes,2026-03-11,9,17.31,8.31
Scottie Barnes,2026-03-13,14,15.56,1.56
Scottie Barnes,2026-03-15,14,15.68,1.68
Scottie Barnes,2026-03-18,18,16.7,1.3
Scottie Barnes,2026-03-20,15,15.83,0.83
Scottie Barnes,2026-03-22,17,14.82,2.18
Scottie Barnes,2026-03-23,20,15.77,4.23
Scottie Barnes,2026-03-25,9,15.37,6.37
Scottie Barnes,2026-03-27,23,16.2,6.8
Scottie Barnes,2026-03-29,23,16.53,6.47
Scottie Barnes,2026-03-31,5,16.31,11.31
Scottie Barnes,2026-04-01,14,17.16,3.16
Scottie Barnes,2026-04-03,10,17.27,7.27
Scottie Barnes,2026-04-05,10,15.86,5.86
Scottie Barnes,2026-04-07,25,14.99,10.01
Scottie Barnes,2026-04-09,13,14.82,1.82
Scottie Barnes,2026-04-10,15,13.76,1.24
Scottie Barnes,2026-04-12,18,13.41,4.59
Luka Garza,2026-03-10,3,5.85,2.85
Luka Garza,2026-03-12,7,5.75,1.25
Luka Garza,2026-03-14,15,7.93,7.07
Luka Garza,2026-03-16,3,7.2,4.2
Luka Garza,2026-03-18,15,6.58,8.42
Luka Garza,2026-03-20,22,8.36,13.64
Luka Garza,2026-03-22,5,9.99,4.99
Luka Garza,2026-03-25,7,9.04,2.04
Luka Garza,2026-03-27,11,9.03,1.97
Luka Garza,2026-03-29,2,10.07,8.07
Luka Garza,2026-03-30,20,8.26,11.74
Luka Garza,2026-04-01,12,7.97,4.03
Luka Garza,2026-04-03,2,8.14,6.14
Luka Garza,2026-04-10,14,7.56,6.44
Luka Garza,2026-04-12,27,9.15,17.85
Trendon Watford,2026-03-10,11,7.04,3.96
Trendon Watford,2026-03-12,4,7.02,3.02
Trendon Watford,2026-03-14,10,7.36,2.64
Trendon Watford,2026-03-15,7,7.9,0.9
Trendon Watford,2026-03-17,12,7.82,4.18
Trendon Watford,2026-03-19,2,8.77,6.77
Trendon Watford,2026-03-21,20,9.49,10.51
Trendon Watford,2026-03-23,15,9.37,5.63
Trendon Watford,2026-03-25,4,10.77,6.77
Trendon Watford,2026-04-12,2,9.96,7.96
Sandro Mamukelashvili,2026-03-10,8,6.71,1.29
Sandro Mamukelashvili,2026-03-11,8,7.91,0.09
Sandro Mamukelashvili,2026-03-13,9,7.96,1.04
Sandro Mamukelashvili,2026-03-15,8,8.72,0.72
Sandro Mamukelashvili,2026-03-18,17,9.16,7.84
Sandro Mamukelashvili,2026-03-20,4,9.54,5.54
Sandro Mamukelashvili,2026-03-22,5,8.16,3.16
Sandro Mamukelashvili,2026-03-23,23,9.17,13.83
Sandro Mamukelashvili,2026-03-25,13,10.4,2.6
Sandro Mamukelashvili,2026-03-27,18,11.24,6.76
Sandro Mamukelashvili,2026-03-29,19,10.52,8.48
Sandro Mamukelashvili,2026-03-31,16,13.42,2.58
Sandro Mamukelashvili,2026-04-01,17,15.58,1.42
Sandro Mamukelashvili,2026-04-03,10,14.35,4.35
Sandro Mamukelashvili,2026-04-05,10,13.72,3.72
Sandro Mamukelashvili,2026-04-07,11,13.85,2.85
Sandro Mamukelashvili,2026-04-09,5,13.38,8.38
Sandro Mamukelashvili,2026-04-10,17,11.29,5.71
Sandro Mamukelashvili,2026-04-12,9,11.29,2.29
Sam Hauser,2026-03-10,11,10.07,0.93
Sam Hauser,2026-03-12,8,9.53,1.53
Sam Hauser,2026-03-14,12,9.94,2.06
Sam Hauser,2026-03-16,2,10.08,8.08
Sam Hauser,2026-03-18,6,10.2,4.2
Sam Hauser,2026-03-20,0,8.85,8.85
Sam Hauser,2026-03-22,2,7.91,5.91
Sam Hauser,2026-03-25,9,6.05,2.95
Sam Hauser,2026-03-27,10,6.36,3.64
Sam Hauser,2026-03-29,7,6.24,0.76
Sam Hauser,2026-03-30,7,6.2,0.8
Sam Hauser,2026-04-01,23,6.7,16.3
Sam Hauser,2026-04-03,13,8.5,4.5
Sam Hauser,2026-04-05,8,7.82,0.18
Sam Hauser,2026-04-07,5,7.62,2.62
Sam Hauser,2026-04-09,6,8.76,2.76
Sam Hauser,2026-04-10,24,10.91,13.09
Ariel Hukporti,2026-03-13,0,5.79,5.79
Ariel Hukporti,2026-04-01,7,5.59,1.41
Ariel Hukporti,2026-04-03,6,5.39,0.61
Ariel Hukporti,2026-04-10,8,3.13,4.87
Ariel Hukporti,2026-04-12,8,3.14,4.86
Julian Champagnie,2026-03-10,0,10.6,10.6
Julian Champagnie,2026-03-12,8,11.56,3.56
Julian Champagnie,2026-03-14,9,11.68,2.68
Julian Champagnie,2026-03-16,7,11.11,4.11
Julian Champagnie,2026-03-17,17,9.63,7.37
Julian Champagnie,2026-03-19,14,8.7,5.3
Julian Champagnie,2026-03-21,10,10.89,0.89
Julian Champagnie,2026-03-23,3,10.73,7.73
Julian Champagnie,2026-03-25,13,10.17,2.83
Julian Champagnie,2026-03-28,11,10.85,0.15
Julian Champagnie,2026-03-30,13,10.66,2.34
Julian Champagnie,2026-04-01,15,9.79,5.21
Julian Champagnie,2026-04-02,13,10.8,2.2
Julian Champagnie,2026-04-04,18,13.1,4.9
Julian Champagnie,2026-04-06,7,13.75,6.75
Julian Champagnie,2026-04-08,2,13.58,11.58
Julian Champagnie,2026-04-10,14,13.03,0.97
Julian Champagnie,2026-04-12,7,12.52,5.52
Alperen Sengun,2026-03-10,14,18.99,4.99
Alperen Sengun,2026-03-11,10,19.86,9.86
Alperen Sengun,2026-03-18,27,17.41,9.59
Alperen Sengun,2026-03-20,15,18.24,3.24
Alperen Sengun,2026-03-21,19,16.33,2.67
Alperen Sengun,2026-03-23,33,16.78,16.22
Alperen Sengun,2026-03-25,30,19.14,10.86
Alperen Sengun,2026-03-27,14,21.36,7.36
Alperen Sengun,2026-03-29,36,19.86,16.14
Alperen Sengun,2026-03-31,13,22.18,9.18
Alperen Sengun,2026-04-01,25,22.85,2.15
Alperen Sengun,2026-04-03,19,21.53,2.53
Alperen Sengun,2026-04-05,24,20.32,3.68
Alperen Sengun,2026-04-07,12,20.49,8.49
Alperen Sengun,2026-04-09,8,18.72,10.72
Alperen Sengun,2026-04-10,22,18.77,3.23
Jericho Sims,2026-03-12,7,3.2,3.8
Jericho Sims,2026-03-14,7,3.83,3.17
Jericho Sims,2026-03-15,2,4.99,2.99
Jericho Sims,2026-03-17,4,5.27,1.27
Jericho Sims,2026-03-19,2,5.44,3.44
Jericho Sims,2026-03-21,5,3.19,1.81
Jericho Sims,2026-03-23,4,3.38,0.62
Jericho Sims,2026-03-25,12,3.31,8.69
Jericho Sims,2026-03-28,10,2.97,7.03
Jericho Sims,2026-03-29,6,3.83,2.17
Jericho Sims,2026-03-31,8,5.39,2.61
Jericho Sims,2026-04-01,6,5.8,0.2
Jericho Sims,2026-04-03,3,7.2,4.2
Jericho Sims,2026-04-05,12,8.76,3.24
Jericho Sims,2026-04-07,12,8.45,3.55
Jericho Sims,2026-04-08,11,8.73,2.27
Jericho Sims,2026-04-10,11,9.8,1.2
Jericho Sims,2026-04-12,15,10.03,4.97
Josh Giddey,2026-03-10,21,14.99,6.01
Josh Giddey,2026-03-12,27,17.16,9.84
Josh Giddey,2026-03-13,20,18.79,1.21
Josh Giddey,2026-03-16,16,19.94,3.94
Josh Giddey,2026-03-18,9,19.89,10.89
Josh Giddey,2026-03-19,9,20.6,11.6
Josh Giddey,2026-03-23,15,19.37,4.37
Josh Giddey,2026-03-25,23,18.22,4.78
Josh Giddey,2026-03-27,5,16.28,11.28
Josh Giddey,2026-03-28,18,16.49,1.51
Josh Giddey,2026-03-30,9,16.38,7.38
Josh Giddey,2026-04-03,6,15.82,9.82
Isaiah Livers,2026-03-21,0,4.16,4.16
Jalen Suggs,2026-03-11,12,13.12,1.12
Jalen Suggs,2026-03-12,28,13.84,14.16
Jalen Suggs,2026-03-14,14,15.34,1.34
Jalen Suggs,2026-03-16,8,15.39,7.39
Jalen Suggs,2026-03-17,14,14.56,0.56
Jalen Suggs,2026-03-19,9,16.14,7.14
Jalen Suggs,2026-03-21,14,16.22,2.22
Jalen Suggs,2026-03-26,8,14.78,6.78
Jalen Suggs,2026-03-29,13,12.68,0.32
Jalen Suggs,2026-03-31,20,12.55,7.45
Jalen Suggs,2026-04-01,7,13.02,6.02
Jalen Suggs,2026-04-03,19,12.78,6.22
Jalen Suggs,2026-04-05,11,13.05,2.05
Jalen Suggs,2026-04-06,12,13.46,1.46
Jalen Suggs,2026-04-08,11,14.27,3.27
Jalen Suggs,2026-04-10,12,13.98,1.98
Jalen Suggs,2026-04-12,23,13.6,9.4
Jalen Wilson,2026-03-10,14,3.93,10.07
Jalen Wilson,2026-03-12,5,6.2,1.2
Jalen Wilson,2026-03-18,15,5.66,9.34
Jalen Wilson,2026-03-23,11,7.09,3.91
Jalen Wilson,2026-03-25,15,7.92,7.08
Jalen Wilson,2026-03-27,9,9.74,0.74
Jalen Wilson,2026-03-31,4,9.61,5.61
Jalen Wilson,2026-04-05,19,10.34,8.66
Jalen Wilson,2026-04-07,7,10.57,3.57
Jalen Wilson,2026-04-09,11,11.09,0.09
Jalen Wilson,2026-04-10,13,10.21,2.79
Jalen Wilson,2026-04-12,9,10.86,1.86
Cade Cunningham,2026-03-10,21,24.17,3.17
Cade Cunningham,2026-03-12,8,22.69,14.69
Cade Cunningham,2026-03-13,17,19.99,2.99
Cade Cunningham,2026-03-15,33,20.38,12.62
Cade Cunningham,2026-03-17,6,22.02,16.02
Cade Cunningham,2026-04-08,13,17.31,4.31
Cade Cunningham,2026-04-10,14,15.57,1.57
Cade Cunningham,2026-04-12,7,17.94,10.94
Evan Mobley,2026-03-11,18,16.85,1.15
Evan Mobley,2026-03-13,29,16.55,12.45
Evan Mobley,2026-03-15,18,18.01,0.01
Evan Mobley,2026-03-17,27,18.07,8.93
Evan Mobley,2026-03-19,26,18.6,7.4
Evan Mobley,2026-03-21,18,20.96,2.96
Evan Mobley,2026-03-24,19,20.12,1.12
Evan Mobley,2026-03-25,8,19.3,11.3
Evan Mobley,2026-03-27,23,18.79,4.21
Evan Mobley,2026-03-30,34,18.48,15.52
Evan Mobley,2026-03-31,6,17.82,11.82
Evan Mobley,2026-04-02,12,16.26,4.26
Evan Mobley,2026-04-06,24,16.79,7.21
Evan Mobley,2026-04-08,22,18.82,3.18
Evan Mobley,2026-04-10,10,17.99,7.99
Aaron Wiggins,2026-03-12,9,8.1,0.9
Aaron Wiggins,2026-03-15,0,8.83,8.83
Aaron Wiggins,2026-03-17,2,7.09,5.09
Aaron Wiggins,2026-03-18,17,6.99,10.01
Aaron Wiggins,2026-03-21,5,8.37,3.37
Aaron Wiggins,2026-03-23,5,7.96,2.96
Aaron Wiggins,2026-03-27,9,7.97,1.03
Aaron Wiggins,2026-03-30,10,7.0,3.0
Aaron Wiggins,2026-04-02,7,8.07,1.07
Aaron Wiggins,2026-04-05,0,6.65,6.65
Aaron Wiggins,2026-04-07,10,5.55,4.45
Aaron Wiggins,2026-04-10,13,6.18,6.82
Aaron Wiggins,2026-04-12,3,7.48,4.48
E.J. Liddell,2026-03-23,2,4.79,2.79
E.J. Liddell,2026-03-25,0,4.51,4.51
E.J. Liddell,2026-03-29,4,4.8,0.8
E.J. Liddell,2026-03-31,3,3.53,0.53
E.J. Liddell,2026-04-05,15,5.33,9.67
E.J. Liddell,2026-04-07,21,5.4,15.6
E.J. Liddell,2026-04-09,26,7.05,18.95
E.J. Liddell,2026-04-10,13,8.78,4.22
E.J. Liddell,2026-04-12,17,9.9,7.1
,2026-04-01,4,9.94,5.94
Gui Santos,2026-03-10,17,15.1,1.9
Gui Santos,2026-03-13,17,15.09,1.91
Gui Santos,2026-03-15,20,16.64,3.36
Gui Santos,2026-03-16,18,18.13,0.13
Gui Santos,2026-03-18,13,15.41,2.41
Gui Santos,2026-03-20,13,15.11,2.11
Gui Santos,2026-03-21,2,15.55,13.55
Gui Santos,2026-03-23,16,15.02,0.98
Gui Santos,2026-03-25,31,14.43,16.57
Gui Santos,2026-03-27,27,15.74,11.26
Gui Santos,2026-03-29,9,15.84,6.84
Gui Santos,2026-04-02,25,16.02,8.98
Gui Santos,2026-04-05,15,18.38,3.38
Gui Santos,2026-04-10,7,19.66,12.66
Gui Santos,2026-04-12,7,16.12,9.12
Moussa Cisse,2026-03-31,8,5.5,2.5
Moussa Cisse,2026-04-08,11,4.98,6.02
Moussa Cisse,2026-04-10,7,5.14,1.86
Moussa Cisse,2026-04-12,17,6.19,10.81
Tyson Etienne,2026-03-25,5,9.59,4.59
Tyson Etienne,2026-03-29,9,10.11,1.11
Tyson Etienne,2026-03-31,5,9.25,4.25
Tyson Etienne,2026-04-05,9,11.14,2.14
Tyson Etienne,2026-04-07,9,9.86,0.86
Tyson Etienne,2026-04-09,14,9.83,4.17
Tyson Etienne,2026-04-10,23,10.07,12.93
Tyson Etienne,2026-04-12,20,10.76,9.24
Jose Alvarado,2026-03-11,4,5.59,1.59
Jose Alvarado,2026-03-13,0,4.95,4.95
Jose Alvarado,2026-03-15,4,4.49,0.49
Jose Alvarado,2026-03-17,16,4.77,11.23
Jose Alvarado,2026-03-20,2,5.75,3.75
Jose Alvarado,2026-03-22,8,6.18,1.82
Jose Alvarado,2026-03-24,0,6.58,6.58
Jose Alvarado,2026-03-26,0,6.38,6.38
Jose Alvarado,2026-03-29,8,5.7,2.3
Jose Alvarado,2026-03-31,12,5.46,6.54
Jose Alvarado,2026-04-01,15,6.51,8.49
Jose Alvarado,2026-04-03,2,7.01,5.01
Jose Alvarado,2026-04-10,12,6.55,5.45
Jose Alvarado,2026-04-12,16,7.64,8.36
A.J. Lawson,2026-03-29,14,5.0,9.0
A.J. Lawson,2026-03-31,13,4.96,8.04
A.J. Lawson,2026-04-01,2,6.34,4.34
A.J. Lawson,2026-04-03,8,6.13,1.87
A.J. Lawson,2026-04-05,0,6.55,6.55
A.J. Lawson,2026-04-10,5,6.8,1.8
A.J. Lawson,2026-04-12,10,6.53,3.47
Jay Huff,2026-03-10,12,13.28,1.28
Jay Huff,2026-03-12,10,13.59,3.59
Jay Huff,2026-03-13,9,13.38,4.38
Jay Huff,2026-03-15,16,12.41,3.59
Jay Huff,2026-03-17,6,11.47,5.47
Jay Huff,2026-03-18,11,11.2,0.2
Jay Huff,2026-03-21,6,9.79,3.79
Jay Huff,2026-03-23,7,9.66,2.66
Jay Huff,2026-03-25,18,9.71,8.29
Jay Huff,2026-03-27,3,9.44,6.44
Jay Huff,2026-03-29,6,9.29,3.29
Jay Huff,2026-04-01,17,8.95,8.05
Jay Huff,2026-04-03,12,9.53,2.47
Jay Huff,2026-04-05,6,10.59,4.59
Jay Huff,2026-04-07,12,8.88,3.12
Jay Huff,2026-04-09,14,10.3,3.7
Jay Huff,2026-04-10,8,10.89,2.89
Jay Huff,2026-04-12,13,9.56,3.44
,2026-03-12,11,7.65,3.35
,2026-03-29,3,9.71,6.71
,2026-04-01,24,9.45,14.55
,2026-04-03,3,9.97,6.97
,2026-04-05,5,9.07,4.07
,2026-04-07,17,9.5,7.5
,2026-04-09,15,10.93,4.07
,2026-04-10,15,12.28,2.72
,2026-04-12,18,9.84,8.16
Jordan Goodwin,2026-03-10,6,10.09,4.09
Jordan Goodwin,2026-03-12,6,10.48,4.48
Jordan Goodwin,2026-03-13,8,8.87,0.87
Jordan Goodwin,2026-03-16,6,7.94,1.94
Jordan Goodwin,2026-03-17,3,7.47,4.47
Jordan Goodwin,2026-03-19,5,6.4,1.4
Jordan Goodwin,2026-03-21,11,7.42,3.58
Jordan Goodwin,2026-03-22,14,8.04,5.96
Jordan Goodwin,2026-03-24,7,9.44,2.44
Jordan Goodwin,2026-03-28,8,10.51,2.51
Jordan Goodwin,2026-03-30,9,9.99,0.99
Jordan Goodwin,2026-03-31,9,10.62,1.62
Jordan Goodwin,2026-04-02,3,10.36,7.36
Jordan Goodwin,2026-04-05,12,9.67,2.33
Jordan Goodwin,2026-04-07,11,8.34,2.66
Jordan Goodwin,2026-04-08,9,9.32,0.32
,2026-03-10,11,13.93,2.93
,2026-03-12,8,11.52,3.52
,2026-03-21,9,10.11,1.11
,2026-03-23,6,10.05,4.05
,2026-03-25,4,11.28,7.28
,2026-03-27,13,8.96,4.04
,2026-03-29,21,9.37,11.63
,2026-04-01,8,10.21,2.21
,2026-04-03,4,8.94,4.94
,2026-04-05,21,8.96,12.04
,2026-04-07,11,12.57,1.57
,2026-04-09,18,12.03,5.97
,2026-04-10,13,11.69,1.31
,2026-04-12,15,12.62,2.38
Dru Smith,2026-03-10,5,6.0,1.0
Dru Smith,2026-03-12,9,5.88,3.12
Dru Smith,2026-03-17,4,7.28,3.28
Dru Smith,2026-03-19,2,6.38,4.38
Dru Smith,2026-03-21,2,5.64,3.64
Dru Smith,2026-04-04,6,6.47,0.47
Dyson Daniels,2026-03-10,14,12.09,1.91
Dyson Daniels,2026-03-14,8,12.68,4.68
Dyson Daniels,2026-03-16,15,11.53,3.47
Dyson Daniels,2026-03-18,19,12.13,6.87
Dyson Daniels,2026-03-20,3,12.21,9.21
Dyson Daniels,2026-03-21,28,11.35,16.65
Dyson Daniels,2026-03-23,12,13.52,1.52
Dyson Daniels,2026-03-25,16,13.39,2.61
Dyson Daniels,2026-03-27,6,13.25,7.25
Dyson Daniels,2026-03-30,18,13.37,4.63
Dyson Daniels,2026-04-01,15,15.56,0.56
Dyson Daniels,2026-04-03,11,14.09,3.09
Dyson Daniels,2026-04-06,11,13.42,2.42
Dyson Daniels,2026-04-08,12,13.26,1.26
Dyson Daniels,2026-04-10,13,13.71,0.71
Jaden Hardy,2026-03-10,17,11.64,5.36
Jaden Hardy,2026-03-14,12,11.93,0.07
Jaden Hardy,2026-03-16,0,11.25,11.25
Jaden Hardy,2026-03-17,16,9.48,6.52
Jaden Hardy,2026-03-19,13,10.88,2.12
Jaden Hardy,2026-03-21,10,10.78,0.78
Jaden Hardy,2026-03-22,25,9.05,15.95
Jaden Hardy,2026-03-25,21,12.64,8.36
Jaden Hardy,2026-03-27,14,13.5,0.5
Jaden Hardy,2026-03-30,11,12.21,1.21
Jaden Hardy,2026-04-01,7,12.61,5.61
Jaden Hardy,2026-04-04,19,13.14,5.86
Jaden Hardy,2026-04-05,8,11.78,3.78
Jaden Hardy,2026-04-12,6,10.46,4.46
Scoot Henderson,2026-03-10,17,12.69,4.31
Scoot Henderson,2026-03-13,25,13.96,11.04
Scoot Henderson,2026-03-15,11,13.97,2.97
Scoot Henderson,2026-03-16,16,15.04,0.96
Scoot Henderson,2026-03-18,9,16.43,7.43
Scoot Henderson,2026-03-20,11,14.64,3.64
Scoot Henderson,2026-03-22,13,14.02,1.02
Scoot Henderson,2026-03-23,13,12.75,0.25
Scoot Henderson,2026-03-25,23,12.81,10.19
Scoot Henderson,2026-03-27,9,14.04,5.04
Scoot Henderson,2026-03-29,21,14.12,6.88
Scoot Henderson,2026-03-31,15,14.38,0.62
Scoot Henderson,2026-04-02,14,15.62,1.62
Scoot Henderson,2026-04-06,18,15.16,2.84
Scoot Henderson,2026-04-08,20,14.38,5.62
Scoot Henderson,2026-04-10,9,16.53,7.53
Scoot Henderson,2026-04-12,15,15.83,0.83
Keaton Wallace,2026-03-23,9,6.46,2.54
Keaton Wallace,2026-04-10,0,5.41,5.41
Keaton Wallace,2026-04-12,8,5.01,2.99
Paolo Banchero,2026-03-11,25,24.65,0.35
Paolo Banchero,2026-03-12,18,25.23,7.23
Paolo Banchero,2026-03-14,27,22.41,4.59
Paolo Banchero,2026-03-16,18,24.37,6.37
Paolo Banchero,2026-03-17,32,23.19,8.81
Paolo Banchero,2026-03-19,20,23.18,3.18
Paolo Banchero,2026-03-21,16,23.0,7.0
Paolo Banchero,2026-03-23,39,22.83,16.17
Paolo Banchero,2026-03-24,36,24.21,11.79
Paolo Banchero,2026-03-26,30,26.2,3.8
Paolo Banchero,2026-03-29,9,24.43,15.43
Paolo Banchero,2026-03-31,19,24.31,5.31
Paolo Banchero,2026-04-01,11,26.21,15.21
Paolo Banchero,2026-04-03,10,22.89,12.89
Paolo Banchero,2026-04-05,23,19.03,3.97
Paolo Banchero,2026-04-06,31,16.9,14.1
Paolo Banchero,2026-04-08,20,19.09,0.91
Paolo Banchero,2026-04-10,14,18.71,4.71
Paolo Banchero,2026-04-12,23,17.99,5.01
Jabari Smith Jr.,2026-03-10,23,15.98,7.02
Jabari Smith Jr.,2026-03-11,11,14.68,3.68
Jabari Smith Jr.,2026-03-13,16,13.81,2.19
Jabari Smith Jr.,2026-03-16,22,14.07,7.93
Jabari Smith Jr.,2026-03-18,18,16.19,1.81
Jabari Smith Jr.,2026-03-20,23,16.52,6.48
Jabari Smith Jr.,2026-03-21,13,16.25,3.25
Jabari Smith Jr.,2026-03-23,6,17.77,11.77
Jabari Smith Jr.,2026-03-25,16,16.91,0.91
Jabari Smith Jr.,2026-03-27,21,17.48,3.52
Jabari Smith Jr.,2026-03-29,20,17.48,2.52
Jabari Smith Jr.,2026-03-31,15,15.42,0.42
Jabari Smith Jr.,2026-04-01,12,16.34,4.34
Jabari Smith Jr.,2026-04-03,18,18.4,0.4
Jabari Smith Jr.,2026-04-05,23,17.11,5.89
Jabari Smith Jr.,2026-04-07,20,16.34,3.66
Jabari Smith Jr.,2026-04-09,19,16.56,2.44
Jabari Smith Jr.,2026-04-10,16,17.12,1.12
Chet Holmgren,2026-03-12,14,15.39,1.39
Chet Holmgren,2026-03-15,21,17.12,3.88
Chet Holmgren,2026-03-17,20,17.36,2.64
Chet Holmgren,2026-03-18,11,18.22,7.22
Chet Holmgren,2026-03-21,18,18.74,0.74
Chet Holmgren,2026-03-23,17,16.15,0.85
Chet Holmgren,2026-03-25,10,16.23,6.23
Chet Holmgren,2026-03-29,16,15.08,0.92
Chet Holmgren,2026-03-30,13,14.51,1.51
Chet Holmgren,2026-04-02,7,15.32,8.32
Chet Holmgren,2026-04-05,21,15.17,5.83
Chet Holmgren,2026-04-07,15,14.17,0.83
Chet Holmgren,2026-04-08,30,13.98,16.02
Bennedict Mathurin,2026-03-11,22,18.51,3.49
Bennedict Mathurin,2026-03-13,26,18.66,7.34
Bennedict Mathurin,2026-03-14,24,19.21,4.79
Bennedict Mathurin,2026-03-16,16,20.6,4.6
Bennedict Mathurin,2026-03-25,23,20.48,2.52
Bennedict Mathurin,2026-03-27,17,21.08,4.08
Bennedict Mathurin,2026-03-29,28,20.55,7.45
Bennedict Mathurin,2026-03-31,4,19.91,15.91
Bennedict Mathurin,2026-04-02,18,17.88,0.12
Bennedict Mathurin,2026-04-05,5,18.56,13.56
Bennedict Mathurin,2026-04-07,9,16.67,7.67
Bennedict Mathurin,2026-04-08,10,14.08,4.08
Bennedict Mathurin,2026-04-10,0,12.77,12.77
Bennedict Mathurin,2026-04-12,20,11.72,8.28
Shaedon Sharpe,2026-04-10,8,18.91,10.91
Shaedon Sharpe,2026-04-12,9,16.96,7.96
Blake Wesley,2026-03-16,4,5.69,1.69
Blake Wesley,2026-03-22,2,5.22,3.22
Blake Wesley,2026-03-23,9,5.06,3.94
Blake Wesley,2026-03-25,7,4.82,2.18
Blake Wesley,2026-03-29,7,5.78,1.22
Jalen Duren,2026-03-10,26,17.84,8.16
Jalen Duren,2026-03-12,14,17.8,3.8
Jalen Duren,2026-03-13,30,16.45,13.55
Jalen Duren,2026-03-15,20,18.16,1.84
Jalen Duren,2026-03-17,36,19.29,16.71
Jalen Duren,2026-03-19,24,19.92,4.08
Jalen Duren,2026-03-20,23,19.8,3.2
Jalen Duren,2026-03-23,20,21.12,1.12
Jalen Duren,2026-03-25,26,21.7,4.3
Jalen Duren,2026-03-26,30,23.15,6.85
Jalen Duren,2026-03-28,10,21.66,11.66
Jalen Duren,2026-03-31,31,20.06,10.94
Jalen Duren,2026-04-02,22,21.27,0.73
Jalen Duren,2026-04-04,16,22.24,6.24
Jalen Duren,2026-04-06,18,20.19,2.19
Jalen Duren,2026-04-08,21,18.99,2.01
Jalen Duren,2026-04-10,20,19.69,0.31
Tari Eason,2026-03-10,8,9.35,1.35
Tari Eason,2026-03-11,8,9.24,1.24
Tari Eason,2026-03-13,4,9.02,5.02
Tari Eason,2026-03-16,5,7.6,2.6
Tari Eason,2026-03-18,10,8.08,1.92
Tari Eason,2026-03-20,10,9.27,0.73
Tari Eason,2026-03-21,7,9.37,2.37
Tari Eason,2026-03-23,4,8.92,4.92
Tari Eason,2026-03-25,3,8.59,5.59
Tari Eason,2026-03-27,16,8.74,7.26
Tari Eason,2026-03-29,15,9.69,5.31
Tari Eason,2026-03-31,17,9.48,7.52
Tari Eason,2026-04-01,5,11.02,6.02
Tari Eason,2026-04-03,16,12.97,3.03
Tari Eason,2026-04-05,2,13.05,11.05
Tari Eason,2026-04-07,12,11.57,0.43
Tari Eason,2026-04-09,15,10.66,4.34
Tari Eason,2026-04-10,0,10.59,10.59
Tari Eason,2026-04-12,20,10.75,9.25
Nikola Jović,2026-04-04,5,5.51,0.51
Max Christie,2026-03-10,6,12.08,6.08
Max Christie,2026-03-12,13,10.56,2.44
Max Christie,2026-03-13,12,10.17,1.83
Max Christie,2026-03-15,9,9.44,0.44
Max Christie,2026-03-16,12,9.05,2.95
Max Christie,2026-03-18,13,9.26,3.74
Max Christie,2026-03-21,7,9.36,2.36
Max Christie,2026-03-23,15,8.49,6.51
Max Christie,2026-03-25,9,9.23,0.23
Max Christie,2026-03-27,5,10.04,5.04
Max Christie,2026-03-30,3,9.71,6.71
Max Christie,2026-03-31,3,10.11,7.11
Max Christie,2026-04-03,14,10.31,3.69
Max Christie,2026-04-05,8,9.55,1.55
Max Christie,2026-04-07,12,8.53,3.47
Max Christie,2026-04-08,18,9.29,8.71
Max Christie,2026-04-10,16,10.58,5.42
Max Christie,2026-04-12,12,12.31,0.31
Mark Williams,2026-04-02,12,8.54,3.46
Mark Williams,2026-04-05,14,8.53,5.47
Mark Williams,2026-04-07,19,7.44,11.56
Mark Williams,2026-04-10,7,9.02,2.02
Jeremy Sochan,2026-03-22,8,1.35,6.65
Jeremy Sochan,2026-04-03,7,1.37,5.63
Jeremy Sochan,2026-04-10,0,1.41,1.41
Jeremy Sochan,2026-04-12,12,1.85,10.15
,2026-04-10,26,15.09,10.91
Jalen Williams,2026-03-23,18,15.49,2.51
Jalen Williams,2026-03-25,7,13.67,6.67
Jalen Williams,2026-03-27,18,15.77,2.23
Jalen Williams,2026-03-29,22,16.89,5.11
Jalen Williams,2026-04-02,10,16.46,6.46
Jalen Williams,2026-04-05,15,15.71,0.71
Jalen Williams,2026-04-08,18,13.99,4.01
Jaylin Williams,2026-03-12,9,12.99,3.99
Jaylin Williams,2026-03-15,5,13.67,8.67
Jaylin Williams,2026-03-17,8,12.31,4.31
Jaylin Williams,2026-03-18,6,14.24,8.24
Jaylin Williams,2026-03-21,0,12.8,12.8
Jaylin Williams,2026-03-23,18,8.1,9.9
Jaylin Williams,2026-03-25,4,8.34,4.34
Jaylin Williams,2026-03-27,12,8.26,3.74
Jaylin Williams,2026-03-29,3,6.77,3.77
Jaylin Williams,2026-03-30,3,7.79,4.79
Jaylin Williams,2026-04-02,7,7.94,0.94
Jaylin Williams,2026-04-05,6,8.57,2.57
Jaylin Williams,2026-04-07,0,8.17,8.17
Jaylin Williams,2026-04-08,5,7.2,2.2
JD Davison,2026-04-03,5,5.2,0.2
JD Davison,2026-04-12,9,3.4,5.6
,2026-03-19,0,6.89,6.89
,2026-03-21,4,6.72,2.72
,2026-03-22,7,5.56,1.44
,2026-03-28,0,7.32,7.32
,2026-03-30,8,6.27,1.73
,2026-04-10,4,4.97,0.97
,2026-04-12,27,4.41,22.59
Julian Strawther,2026-03-11,6,7.23,1.23
Julian Strawther,2026-03-12,10,7.56,2.44
Julian Strawther,2026-03-17,5,8.99,3.99
Julian Strawther,2026-03-18,2,7.67,5.67
Julian Strawther,2026-03-24,7,4.66,2.34
Julian Strawther,2026-03-25,8,5.73,2.27
Julian Strawther,2026-03-27,0,7.08,7.08
Julian Strawther,2026-03-29,7,5.67,1.33
Julian Strawther,2026-04-01,0,6.12,6.12
Julian Strawther,2026-04-04,6,4.99,1.01
Julian Strawther,2026-04-06,11,5.9,5.1
Julian Strawther,2026-04-08,10,6.09,3.91
Julian Strawther,2026-04-10,22,4.9,17.1
Julian Strawther,2026-04-12,25,6.9,18.1
Caleb Love,2026-03-25,0,12.16,12.16
Christian Braun,2026-03-11,19,12.05,6.95
Christian Braun,2026-03-12,11,12.43,1.43
Christian Braun,2026-03-14,12,12.92,0.92
Christian Braun,2026-03-17,22,11.71,10.29
Christian Braun,2026-03-18,26,13.61,12.39
Christian Braun,2026-03-20,11,14.92,3.92
Christian Braun,2026-03-22,15,14.1,0.9
Christian Braun,2026-03-24,13,13.9,0.9
Christian Braun,2026-03-25,11,15.66,4.66
Christian Braun,2026-03-27,7,15.36,8.36
Christian Braun,2026-03-29,12,12.49,0.49
Christian Braun,2026-04-01,18,13.2,4.8
Christian Braun,2026-04-04,21,12.48,8.52
Christian Braun,2026-04-06,8,13.42,5.42
Christian Braun,2026-04-08,14,13.08,0.92
Oscar Tshiebwe,2026-03-15,9,5.33,3.67
Oscar Tshiebwe,2026-03-18,5,5.59,0.59
Oscar Tshiebwe,2026-03-19,7,5.74,1.26
Oscar Tshiebwe,2026-03-21,8,5.48,2.52
Oscar Tshiebwe,2026-03-23,16,5.45,10.55
Oscar Tshiebwe,2026-03-25,7,7.31,0.31
Oscar Tshiebwe,2026-03-27,9,6.59,2.41
Oscar Tshiebwe,2026-03-28,7,6.66,0.34
Oscar Tshiebwe,2026-03-30,7,8.29,1.29
Oscar Tshiebwe,2026-04-01,8,8.54,0.54
Oscar Tshiebwe,2026-04-03,15,7.31,7.69
Oscar Tshiebwe,2026-04-05,4,7.8,3.8
Oscar Tshiebwe,2026-04-07,12,8.99,3.01
Oscar Tshiebwe,2026-04-10,16,9.21,6.79
Oscar Tshiebwe,2026-04-12,29,10.75,18.25
Christian Koloko,2026-03-23,2,5.24,3.24
Christian Koloko,2026-03-28,0,5.09,5.09
Christian Koloko,2026-04-12,4,4.62,0.62
Jabari Walker,2026-03-10,2,9.31,7.31
Jabari Walker,2026-03-12,16,9.3,6.7
Jabari Walker,2026-03-19,0,9.89,9.89
Jabari Walker,2026-03-21,8,7.89,0.11
Jabari Walker,2026-03-23,4,5.68,1.68
Jabari Walker,2026-03-25,3,8.0,5.0
Jabari Walker,2026-04-12,7,6.9,0.1
Ryan Rollins,2026-03-10,14,13.14,0.86
Ryan Rollins,2026-03-12,16,13.73,2.27
Ryan Rollins,2026-03-14,22,14.31,7.69
Ryan Rollins,2026-03-15,20,14.83,5.17
Ryan Rollins,2026-03-17,19,14.62,4.38
Ryan Rollins,2026-03-19,15,16.3,1.3
Ryan Rollins,2026-03-21,26,15.82,10.18
Ryan Rollins,2026-03-23,13,18.22,5.22
Ryan Rollins,2026-03-25,36,18.09,17.91
Ryan Rollins,2026-03-28,12,19.41,7.41
Ryan Rollins,2026-03-31,24,19.94,4.06
Ryan Rollins,2026-04-05,24,21.05,2.95
Ryan Rollins,2026-04-08,23,20.14,2.86
Leonard Miller,2026-03-10,17,6.07,10.93
Leonard Miller,2026-03-12,15,9.61,5.39
Leonard Miller,2026-03-13,14,10.55,3.45
Leonard Miller,2026-03-16,10,11.46,1.46
Leonard Miller,2026-03-18,13,12.08,0.92
Leonard Miller,2026-03-19,10,13.67,3.67
Leonard Miller,2026-03-23,17,11.89,5.11
Leonard Miller,2026-03-25,15,12.49,2.51
Leonard Miller,2026-03-27,15,11.46,3.54
Leonard Miller,2026-03-28,5,13.68,8.68
Leonard Miller,2026-03-30,21,12.06,8.94
Leonard Miller,2026-04-01,11,14.61,3.61
Leonard Miller,2026-04-03,14,12.77,1.23
Leonard Miller,2026-04-05,17,12.07,4.93
Leonard Miller,2026-04-07,13,13.69,0.69
Leonard Miller,2026-04-09,26,15.28,10.72
Leonard Miller,2026-04-10,15,14.41,0.59
Leonard Miller,2026-04-12,17,15.5,1.5
Keon Ellis,2026-03-11,20,8.6,11.4
Keon Ellis,2026-03-13,13,8.93,4.07
Keon Ellis,2026-03-15,5,9.41,4.41
Keon Ellis,2026-03-17,8,10.27,2.27
Keon Ellis,2026-03-19,8,11.52,3.52
Keon Ellis,2026-03-21,7,10.89,3.89
Keon Ellis,2026-03-24,2,9.07,7.07
Keon Ellis,2026-03-25,17,7.4,9.6
Keon Ellis,2026-03-27,10,8.12,1.88
Keon Ellis,2026-03-30,13,9.17,3.83
Keon Ellis,2026-03-31,7,7.93,0.93
Keon Ellis,2026-04-02,4,8.14,4.14
Keon Ellis,2026-04-05,13,10.33,2.67
Keon Ellis,2026-04-06,19,9.92,9.08
Keon Ellis,2026-04-08,5,10.87,5.87
Keon Ellis,2026-04-10,2,9.43,7.43
,2026-03-30,0,4.97,4.97
,2026-04-07,11,3.03,7.97
,2026-04-09,4,5.6,1.6
,2026-04-10,2,5.13,3.13
,2026-04-12,3,4.99,1.99
Josh Minott,2026-03-10,9,3.98,5.02
Josh Minott,2026-03-12,24,5.27,18.73
Josh Minott,2026-03-14,14,7.39,6.61
Josh Minott,2026-03-18,9,7.08,1.92
Josh Minott,2026-03-20,22,7.77,14.23
Josh Minott,2026-03-23,15,11.34,3.66
Josh Minott,2026-03-25,8,12.71,4.71
Josh Minott,2026-03-27,18,11.26,6.74
Josh Minott,2026-03-31,14,12.31,1.69
Josh Minott,2026-04-03,10,14.16,4.16
Josh Minott,2026-04-05,15,13.49,1.51
Jaime Jaquez Jr.,2026-03-10,5,17.13,12.13
Jaime Jaquez Jr.,2026-03-12,6,15.62,9.62
Jaime Jaquez Jr.,2026-03-14,22,14.99,7.01
Jaime Jaquez Jr.,2026-03-17,6,15.49,9.49
Jaime Jaquez Jr.,2026-03-23,8,13.32,5.32
Jaime Jaquez Jr.,2026-03-25,14,11.48,2.52
Jaime Jaquez Jr.,2026-03-27,20,12.97,7.03
Jaime Jaquez Jr.,2026-03-29,17,13.88,3.12
Jaime Jaquez Jr.,2026-03-30,14,12.11,1.89
Jaime Jaquez Jr.,2026-04-01,17,13.01,3.99
Jaime Jaquez Jr.,2026-04-04,32,15.49,16.51
Jaime Jaquez Jr.,2026-04-07,8,16.38,8.38
Jaime Jaquez Jr.,2026-04-09,15,15.13,0.13
Jaime Jaquez Jr.,2026-04-10,23,15.86,7.14
Jaime Jaquez Jr.,2026-04-12,26,17.06,8.94
Ousmane Dieng,2026-03-10,12,9.59,2.41
Ousmane Dieng,2026-03-12,0,10.29,10.29
Ousmane Dieng,2026-03-17,19,9.38,9.62
Ousmane Dieng,2026-03-19,13,9.89,3.11
Ousmane Dieng,2026-03-21,11,8.1,2.9
Ousmane Dieng,2026-03-23,7,8.75,1.75
Ousmane Dieng,2026-03-25,16,9.61,6.39
Ousmane Dieng,2026-03-28,12,11.13,0.87
Ousmane Dieng,2026-03-29,7,10.62,3.62
Ousmane Dieng,2026-03-31,11,10.66,0.34
Ousmane Dieng,2026-04-01,36,10.42,25.58
Ousmane Dieng,2026-04-03,9,13.54,4.54
Ousmane Dieng,2026-04-05,17,13.84,3.16
Ousmane Dieng,2026-04-07,10,14.15,4.15
Ousmane Dieng,2026-04-08,17,15.76,1.24
Ousmane Dieng,2026-04-10,12,17.18,5.18
Ousmane Dieng,2026-04-12,11,14.57,3.57
,2026-03-30,17,12.1,4.9
,2026-04-01,10,13.08,3.08
Ron Harper Jr.,2026-03-10,22,3.84,18.16
Ron Harper Jr.,2026-03-12,5,4.51,0.49
Ron Harper Jr.,2026-03-18,0,4.73,4.73
Ron Harper Jr.,2026-03-29,7,5.08,1.92
Ron Harper Jr.,2026-04-03,0,6.4,6.4
Ron Harper Jr.,2026-04-10,7,6.82,0.18
Ron Harper Jr.,2026-04-12,27,3.93,23.07
Kris Murray,2026-03-10,0,8.09,8.09
Kris Murray,2026-03-13,0,8.94,8.94
Kris Murray,2026-03-16,14,6.18,7.82
Kris Murray,2026-03-18,8,5.99,2.01
Kris Murray,2026-03-20,0,5.35,5.35
Kris Murray,2026-03-22,2,5.58,3.58
Kris Murray,2026-03-23,16,6.25,9.75
Kris Murray,2026-03-25,5,7.44,2.44
Kris Murray,2026-03-27,0,5.87,5.87
Kris Murray,2026-03-29,9,5.49,3.51
Kris Murray,2026-03-31,7,5.63,1.37
Kris Murray,2026-04-02,3,7.25,4.25
Kris Murray,2026-04-06,1,5.48,4.48
Kris Murray,2026-04-08,2,5.88,3.88
Kris Murray,2026-04-10,10,5.77,4.23
Kris Murray,2026-04-12,9,6.11,2.89
Marcus Sasser,2026-03-10,14,5.53,8.47
Marcus Sasser,2026-03-12,6,6.37,0.37
Marcus Sasser,2026-03-13,16,7.04,8.96
Marcus Sasser,2026-03-15,3,7.06,4.06
Marcus Sasser,2026-03-17,9,7.86,1.14
Marcus Sasser,2026-03-19,2,8.75,6.75
Marcus Sasser,2026-03-26,7,8.42,1.42
Marcus Sasser,2026-03-28,0,8.27,8.27
Marcus Sasser,2026-03-30,12,6.62,5.38
Marcus Sasser,2026-03-31,8,7.61,0.39
Marcus Sasser,2026-04-02,2,6.64,4.64
Marcus Sasser,2026-04-04,5,6.27,1.27
Marcus Sasser,2026-04-06,5,5.52,0.52
Marcus Sasser,2026-04-08,0,6.04,6.04
Marcus Sasser,2026-04-12,3,4.94,1.94
Dalen Terry,2026-03-10,5,6.7,1.7
Dalen Terry,2026-03-12,8,5.65,2.35
Dalen Terry,2026-03-14,3,6.38,3.38
Dalen Terry,2026-03-17,8,6.52,1.48
Dalen Terry,2026-03-21,0,7.29,7.29
Dalen Terry,2026-03-23,7,5.31,1.69
Dalen Terry,2026-03-25,7,6.52,0.48
Peyton Watson,2026-03-22,14,17.93,3.93
Peyton Watson,2026-03-25,21,17.95,3.05
Peyton Watson,2026-03-27,7,18.05,11.05
Peyton Watson,2026-03-29,10,14.56,4.56
Peyton Watson,2026-04-01,6,14.08,8.08
Tyrese Martin,2026-03-12,2,5.08,3.08
Moussa Diabaté,2026-03-10,7,9.51,2.51
Moussa Diabaté,2026-03-11,2,9.48,7.48
Moussa Diabaté,2026-03-14,4,8.66,4.66
Moussa Diabaté,2026-03-17,8,8.99,0.99
Moussa Diabaté,2026-03-19,3,8.68,5.68
Moussa Diabaté,2026-03-21,11,8.53,2.47
Moussa Diabaté,2026-03-24,17,8.13,8.87
Moussa Diabaté,2026-03-26,2,7.77,5.77
Moussa Diabaté,2026-03-28,10,7.27,2.73
Moussa Diabaté,2026-03-29,4,6.81,2.81
Moussa Diabaté,2026-03-31,10,8.08,1.92
Moussa Diabaté,2026-04-02,4,7.47,3.47
Moussa Diabaté,2026-04-05,8,6.36,1.64
Moussa Diabaté,2026-04-07,2,6.17,4.17
Moussa Diabaté,2026-04-10,8,6.34,1.66
Moussa Diabaté,2026-04-12,4,6.83,2.83
Trayce Jackson-Davis,2026-03-22,1,5.25,4.25
Trayce Jackson-Davis,2026-03-23,0,6.79,6.79
Trayce Jackson-Davis,2026-03-29,4,6.49,2.49
Trayce Jackson-Davis,2026-04-03,4,5.36,1.36
Trayce Jackson-Davis,2026-04-12,4,3.28,0.72
Collin Gillespie,2026-03-10,12,14.85,2.85
Collin Gillespie,2026-03-12,4,14.44,10.44
Collin Gillespie,2026-03-13,0,12.53,12.53
Collin Gillespie,2026-03-16,3,12.57,9.57
Collin Gillespie,2026-03-17,12,12.25,0.25
Collin Gillespie,2026-03-19,24,10.5,13.5
Collin Gillespie,2026-03-21,18,10.8,7.2
Collin Gillespie,2026-03-22,16,11.45,4.55
Collin Gillespie,2026-03-24,11,12.86,1.86
Collin Gillespie,2026-03-28,0,15.22,15.22
Collin Gillespie,2026-03-30,11,13.69,2.69
Collin Gillespie,2026-03-31,11,12.53,1.53
Collin Gillespie,2026-04-02,6,11.48,5.48
Collin Gillespie,2026-04-05,9,11.33,2.33
Collin Gillespie,2026-04-07,0,10.96,10.96
Collin Gillespie,2026-04-08,13,11.37,1.63
Collin Gillespie,2026-04-10,5,9.69,4.69
Jake LaRavia,2026-03-10,8,5.55,2.45
Jake LaRavia,2026-03-12,0,6.5,6.5
Jake LaRavia,2026-03-14,4,6.47,2.47
Jake LaRavia,2026-03-16,7,5.12,1.88
Jake LaRavia,2026-03-18,5,4.77,0.23
Jake LaRavia,2026-03-19,5,5.9,0.9
Jake LaRavia,2026-03-21,0,4.7,4.7
Jake LaRavia,2026-03-23,7,4.31,2.69
Jake LaRavia,2026-03-25,6,6.4,0.4
Jake LaRavia,2026-03-27,0,5.35,5.35
Jake LaRavia,2026-03-30,4,5.32,1.32
Jake LaRavia,2026-03-31,14,4.32,9.68
Jake LaRavia,2026-04-02,6,4.36,1.64
Jake LaRavia,2026-04-05,14,5.61,8.39
Jake LaRavia,2026-04-07,2,6.07,4.07
Jake LaRavia,2026-04-09,16,7.41,8.59
Jake LaRavia,2026-04-10,2,8.37,6.37
Jake LaRavia,2026-04-12,2,9.38,7.38
Dominick Barlow,2026-03-10,11,7.46,3.54
Dominick Barlow,2026-03-12,11,6.48,4.52
Dominick Barlow,2026-03-14,10,7.46,2.54
Dominick Barlow,2026-03-15,11,8.02,2.98
Dominick Barlow,2026-03-17,8,8.74,0.74
Dominick Barlow,2026-03-19,12,9.43,2.57
Dominick Barlow,2026-03-23,0,8.23,8.23
Dominick Barlow,2026-03-25,9,9.33,0.33
Dominick Barlow,2026-03-28,3,8.25,5.25
Dominick Barlow,2026-03-30,4,8.16,4.16
Dominick Barlow,2026-04-01,6,7.17,1.17
Dominick Barlow,2026-04-03,7,5.1,1.9
Dominick Barlow,2026-04-04,8,4.6,3.4
Dominick Barlow,2026-04-06,6,4.27,1.73
Dominick Barlow,2026-04-09,2,4.79,2.79
Dominick Barlow,2026-04-10,2,6.76,4.76
Dominick Barlow,2026-04-12,7,6.54,0.46
Mouhamed Gueye,2026-03-10,9,3.31,5.69
Mouhamed Gueye,2026-03-14,0,3.05,3.05
Mouhamed Gueye,2026-03-16,0,2.86,2.86
Mouhamed Gueye,2026-03-20,0,3.33,3.33
Mouhamed Gueye,2026-03-21,16,4.75,11.25
Mouhamed Gueye,2026-03-23,3,6.33,3.33
Mouhamed Gueye,2026-03-27,3,5.62,2.62
Mouhamed Gueye,2026-03-28,10,6.0,4.0
Mouhamed Gueye,2026-03-30,2,6.04,4.04
Mouhamed Gueye,2026-04-01,0,6.24,6.24
Mouhamed Gueye,2026-04-03,5,5.37,0.37
Mouhamed Gueye,2026-04-06,0,4.4,4.4
Mouhamed Gueye,2026-04-08,3,4.88,1.88
Mouhamed Gueye,2026-04-10,5,4.07,0.93
Quenton Jackson,2026-03-10,4,10.11,6.11
Quenton Jackson,2026-03-15,5,8.8,3.8
Quenton Jackson,2026-03-17,7,8.52,1.52
Quenton Jackson,2026-03-18,13,8.01,4.99
Quenton Jackson,2026-03-21,6,7.93,1.93
Quenton Jackson,2026-03-25,0,7.88,7.88
Quenton Jackson,2026-03-27,7,7.06,0.06
Quenton Jackson,2026-03-29,10,8.02,1.98
Quenton Jackson,2026-04-01,8,7.51,0.49
Quenton Jackson,2026-04-03,16,5.71,10.29
Quenton Jackson,2026-04-05,15,7.51,7.49
Quenton Jackson,2026-04-07,9,9.01,0.01
Quenton Jackson,2026-04-09,12,9.88,2.12
Quenton Jackson,2026-04-10,16,11.48,4.52
Quenton Jackson,2026-04-12,21,12.27,8.73
Baylor Scheierman,2026-03-10,6,8.73,2.73
Baylor Scheierman,2026-03-12,11,7.86,3.14
Baylor Scheierman,2026-03-14,3,9.76,6.76
Baylor Scheierman,2026-03-16,8,9.41,1.41
Baylor Scheierman,2026-03-18,3,9.7,6.7
Baylor Scheierman,2026-03-20,2,8.75,6.75
Baylor Scheierman,2026-03-22,5,7.46,2.46
Baylor Scheierman,2026-03-25,11,5.69,5.31
Baylor Scheierman,2026-03-27,3,6.18,3.18
Baylor Scheierman,2026-03-29,14,5.83,8.17
Baylor Scheierman,2026-03-30,3,6.98,3.98
Baylor Scheierman,2026-04-01,8,7.96,0.04
Baylor Scheierman,2026-04-03,2,7.54,5.54
Baylor Scheierman,2026-04-05,5,6.84,1.84
Baylor Scheierman,2026-04-07,3,6.7,3.7
Baylor Scheierman,2026-04-09,20,5.02,14.98
Baylor Scheierman,2026-04-10,9,6.83,2.17
Baylor Scheierman,2026-04-12,30,6.73,23.27
Pete Nance,2026-03-10,0,3.38,3.38
Pete Nance,2026-03-14,3,3.8,0.8
Pete Nance,2026-03-17,13,4.09,8.91
Pete Nance,2026-03-19,0,5.7,5.7
Pete Nance,2026-03-21,5,3.99,1.01
Pete Nance,2026-03-23,11,4.18,6.82
Pete Nance,2026-03-25,6,6.27,0.27
Pete Nance,2026-03-28,5,6.18,1.18
Pete Nance,2026-03-29,5,5.58,0.58
Pete Nance,2026-03-31,11,7.1,3.9
Pete Nance,2026-04-01,23,6.94,16.06
Pete Nance,2026-04-03,14,7.7,6.3
Pete Nance,2026-04-05,5,9.83,4.83
Pete Nance,2026-04-07,8,9.7,1.7
Pete Nance,2026-04-08,0,10.51,10.51
Karlo Matković,2026-03-11,4,7.87,3.87
Karlo Matković,2026-03-13,8,6.37,1.63
Karlo Matković,2026-03-16,13,7.4,5.6
Karlo Matković,2026-03-18,9,7.57,1.43
Karlo Matković,2026-03-19,3,6.64,3.64
Karlo Matković,2026-03-21,6,7.1,1.1
Karlo Matković,2026-03-24,12,7.63,4.37
Karlo Matković,2026-03-26,8,7.8,0.2
Karlo Matković,2026-03-27,4,7.49,3.49
Karlo Matković,2026-03-29,2,6.56,4.56
AJ Green,2026-03-10,3,7.77,4.77
AJ Green,2026-03-12,3,7.25,4.25
AJ Green,2026-03-14,9,7.33,1.67
AJ Green,2026-03-15,12,6.9,5.1
AJ Green,2026-03-17,6,6.44,0.44
AJ Green,2026-03-19,0,7.18,7.18
AJ Green,2026-03-21,8,5.91,2.09
AJ Green,2026-03-23,15,7.28,7.72
AJ Green,2026-03-25,5,8.35,3.35
AJ Green,2026-03-28,7,7.07,0.07
AJ Green,2026-03-29,15,7.05,7.95
AJ Green,2026-03-31,17,9.57,7.43
AJ Green,2026-04-01,15,9.72,5.28
AJ Green,2026-04-03,15,10.04,4.96
AJ Green,2026-04-05,6,12.22,6.22
AJ Green,2026-04-07,20,12.73,7.27
AJ Green,2026-04-08,13,13.64,0.64
AJ Green,2026-04-10,35,14.43,20.57
AJ Green,2026-04-12,19,15.32,3.68
Jamal Cain,2026-03-14,12,5.55,6.45
Jamal Cain,2026-03-16,2,5.83,3.83
Jamal Cain,2026-03-17,3,3.55,0.55
Jamal Cain,2026-03-19,15,4.24,10.76
Jamal Cain,2026-03-21,10,6.8,3.2
Jamal Cain,2026-03-23,5,7.65,2.65
Jamal Cain,2026-03-24,17,5.78,11.22
Jamal Cain,2026-03-26,11,9.33,1.67
Jamal Cain,2026-03-29,0,9.26,9.26
Jamal Cain,2026-03-31,12,8.13,3.87
Jamal Cain,2026-04-01,17,8.95,8.05
Jamal Cain,2026-04-03,8,10.3,2.3
Jamal Cain,2026-04-05,8,8.68,0.68
Jamal Cain,2026-04-06,3,8.47,5.47
Jamal Cain,2026-04-08,8,8.18,0.18
Jamal Cain,2026-04-10,20,8.87,11.13
Jamal Cain,2026-04-12,2,7.81,5.81
Sidy Cissoko,2026-03-13,14,5.56,8.44
Sidy Cissoko,2026-03-15,4,5.67,1.67
Sidy Cissoko,2026-03-16,0,4.84,4.84
Sidy Cissoko,2026-03-18,2,5.21,3.21
Sidy Cissoko,2026-03-22,7,5.4,1.6
Sidy Cissoko,2026-03-23,5,5.52,0.52
Sidy Cissoko,2026-03-25,2,4.47,2.47
Sidy Cissoko,2026-03-27,0,4.32,4.32
Sidy Cissoko,2026-03-29,1,4.76,3.76
Sidy Cissoko,2026-03-31,0,4.09,4.09
Sidy Cissoko,2026-04-02,2,4.36,2.36
Sidy Cissoko,2026-04-06,0,3.21,3.21
Sidy Cissoko,2026-04-08,2,3.45,1.45
Simone Fontecchio,2026-03-10,18,10.48,7.52
Simone Fontecchio,2026-03-12,8,9.99,1.99
Simone Fontecchio,2026-03-17,10,8.51,1.49
Simone Fontecchio,2026-03-19,7,10.15,3.15
Simone Fontecchio,2026-03-21,21,10.39,10.61
Simone Fontecchio,2026-03-23,0,11.37,11.37
Simone Fontecchio,2026-03-27,12,10.44,1.56
Simone Fontecchio,2026-03-29,1,10.3,9.3
Simone Fontecchio,2026-03-30,3,9.92,6.92
Simone Fontecchio,2026-04-04,8,10.1,2.1
Simone Fontecchio,2026-04-10,24,7.59,16.41
Daeqwon Plowden,2026-03-10,10,10.2,0.2
Daeqwon Plowden,2026-03-11,13,8.85,4.15
Daeqwon Plowden,2026-03-14,15,10.21,4.79
Daeqwon Plowden,2026-03-15,10,12.82,2.82
Daeqwon Plowden,2026-03-17,14,12.17,1.83
Daeqwon Plowden,2026-03-19,20,12.53,7.47
Daeqwon Plowden,2026-03-24,22,12.79,9.21
Daeqwon Plowden,2026-03-26,23,13.66,9.34
Daeqwon Plowden,2026-03-28,14,14.49,0.49
Daeqwon Plowden,2026-03-29,2,15.44,13.44
Daeqwon Plowden,2026-04-01,11,14.53,3.53
Daeqwon Plowden,2026-04-03,17,14.66,2.34
Daeqwon Plowden,2026-04-05,15,13.72,1.28
Daeqwon Plowden,2026-04-07,11,12.55,1.55
Daeqwon Plowden,2026-04-10,20,11.77,8.23
Daeqwon Plowden,2026-04-12,8,13.95,5.95
,2026-04-09,17,8.0,9.0
,2026-04-12,9,10.23,1.23
Victor Wembanyama,2026-03-10,39,21.16,17.84
Victor Wembanyama,2026-03-14,32,23.98,8.02
Victor Wembanyama,2026-03-16,21,27.08,6.08
Victor Wembanyama,2026-03-17,18,25.75,7.75
Victor Wembanyama,2026-03-19,34,25.03,8.97
Victor Wembanyama,2026-03-21,20,27.2,7.2
Victor Wembanyama,2026-03-23,26,24.01,1.99
Victor Wembanyama,2026-03-25,19,23.02,4.02
Victor Wembanyama,2026-03-28,23,22.59,0.41
Victor Wembanyama,2026-03-30,41,24.21,16.79
Victor Wembanyama,2026-04-01,41,23.96,17.04
Victor Wembanyama,2026-04-04,34,25.67,8.33
Victor Wembanyama,2026-04-06,17,26.88,9.88
Victor Wembanyama,2026-04-10,40,27.99,12.01
Brandon Miller,2026-03-10,23,18.21,4.79
Brandon Miller,2026-03-11,20,18.26,1.74
Brandon Miller,2026-03-14,6,18.45,12.45
Brandon Miller,2026-03-17,16,17.69,1.69
Brandon Miller,2026-03-19,25,17.46,7.54
Brandon Miller,2026-03-21,22,19.09,2.91
Brandon Miller,2026-03-24,13,17.67,4.67
Brandon Miller,2026-03-26,21,15.88,5.12
Brandon Miller,2026-03-28,29,18.31,10.69
Brandon Miller,2026-03-29,13,18.33,5.33
Brandon Miller,2026-03-31,25,17.63,7.37
Brandon Miller,2026-04-02,17,17.42,0.42
Brandon Miller,2026-04-03,22,18.82,3.18
Brandon Miller,2026-04-05,7,18.66,11.66
Brandon Miller,2026-04-07,20,16.59,3.41
Brandon Miller,2026-04-10,22,16.96,5.04
Brandon Miller,2026-04-12,19,16.66,2.34
Taylor Hendricks,2026-03-10,8,11.07,3.07
Taylor Hendricks,2026-03-12,17,11.06,5.94
Taylor Hendricks,2026-03-13,7,11.07,4.07
Taylor Hendricks,2026-03-16,16,11.28,4.72
Taylor Hendricks,2026-03-18,13,11.7,1.3
Taylor Hendricks,2026-03-20,12,11.55,0.45
Taylor Hendricks,2026-03-21,14,11.9,2.1
Taylor Hendricks,2026-03-23,9,11.99,2.99
Taylor Hendricks,2026-03-25,2,12.16,10.16
Taylor Hendricks,2026-03-27,5,11.4,6.4
Taylor Hendricks,2026-03-30,5,10.28,5.28
Taylor Hendricks,2026-04-03,9,9.82,0.82
Taylor Hendricks,2026-04-05,11,9.21,1.79
Taylor Hendricks,2026-04-08,16,8.27,7.73
Amen Thompson,2026-03-10,23,19.21,3.79
Amen Thompson,2026-03-11,16,19.52,3.52
Amen Thompson,2026-03-13,23,19.96,3.04
Amen Thompson,2026-03-16,19,20.62,1.62
Amen Thompson,2026-03-18,26,20.09,5.91
Amen Thompson,2026-03-20,14,20.46,6.46
Amen Thompson,2026-03-21,24,19.63,4.37
Amen Thompson,2026-03-23,23,20.3,2.7
Amen Thompson,2026-03-25,11,19.67,8.67
Amen Thompson,2026-03-27,18,19.2,1.2
Amen Thompson,2026-03-29,14,18.5,4.5
Amen Thompson,2026-03-31,17,18.4,1.4
Amen Thompson,2026-04-01,18,18.32,0.32
Amen Thompson,2026-04-03,21,18.54,2.46
Amen Thompson,2026-04-05,18,18.15,0.15
Amen Thompson,2026-04-07,22,17.28,4.72
Amen Thompson,2026-04-09,19,18.77,0.23
Amen Thompson,2026-04-10,41,18.38,22.62
Ausar Thompson,2026-03-15,4,9.12,5.12
Ausar Thompson,2026-03-17,6,11.14,5.14
Ausar Thompson,2026-03-19,10,10.92,0.92
Ausar Thompson,2026-03-20,8,10.0,2.0
Ausar Thompson,2026-03-23,6,10.08,4.08
Ausar Thompson,2026-03-25,18,9.45,8.55
Ausar Thompson,2026-03-26,11,10.83,0.17
Ausar Thompson,2026-03-28,6,9.94,3.94
Ausar Thompson,2026-03-30,8,8.43,0.43
Ausar Thompson,2026-03-31,5,8.84,3.84
Ausar Thompson,2026-04-02,7,8.63,1.63
Ausar Thompson,2026-04-04,14,7.83,6.17
Ausar Thompson,2026-04-06,8,8.86,0.86
Ausar Thompson,2026-04-08,10,8.49,1.51
Ausar Thompson,2026-04-10,12,8.18,3.82
Ausar Thompson,2026-04-12,7,10.16,3.16
Anthony Black,2026-04-06,14,11.55,2.45
Anthony Black,2026-04-08,7,11.82,4.82
Anthony Black,2026-04-10,8,11.47,3.47
Anthony Black,2026-04-12,13,9.28,3.72
Gradey Dick,2026-03-10,6,5.97,0.03
Gradey Dick,2026-03-11,7,6.57,0.43
Gradey Dick,2026-03-18,7,6.67,0.33
Gradey Dick,2026-03-22,10,5.89,4.11
Gradey Dick,2026-03-23,13,8.07,4.93
Gradey Dick,2026-03-29,11,7.51,3.49
Gradey Dick,2026-04-03,7,8.63,1.63
Gradey Dick,2026-04-10,7,8.24,1.24
Gradey Dick,2026-04-12,3,8.38,5.38
Rayan Rupert,2026-03-10,14,10.51,3.49
Rayan Rupert,2026-03-12,13,11.6,1.4
Rayan Rupert,2026-03-16,3,11.66,8.66
Rayan Rupert,2026-03-23,0,11.69,11.69
Rayan Rupert,2026-03-28,14,12.43,1.57
Rayan Rupert,2026-04-03,4,10.81,6.81
Rayan Rupert,2026-04-05,33,10.17,22.83
Rayan Rupert,2026-04-10,16,12.64,3.36
Rayan Rupert,2026-04-12,21,12.82,8.18
GG Jackson,2026-03-10,15,14.72,0.28
GG Jackson,2026-03-12,20,15.82,4.18
GG Jackson,2026-03-18,16,16.95,0.95
GG Jackson,2026-03-21,19,16.04,2.96
GG Jackson,2026-03-23,26,16.61,9.39
GG Jackson,2026-03-25,20,16.62,3.38
GG Jackson,2026-03-27,14,17.05,3.05
GG Jackson,2026-03-28,10,17.31,7.31
GG Jackson,2026-03-30,14,16.48,2.48
GG Jackson,2026-04-01,20,15.63,4.37
GG Jackson,2026-04-03,30,14.91,15.09
GG Jackson,2026-04-06,11,15.59,4.59
Jarace Walker,2026-03-10,8,16.02,8.02
Jarace Walker,2026-03-12,12,14.27,2.27
Jarace Walker,2026-03-13,18,12.72,5.28
Jarace Walker,2026-03-15,14,13.28,0.72
Jarace Walker,2026-03-17,16,12.98,3.02
Jarace Walker,2026-03-18,10,14.23,4.23
Jarace Walker,2026-03-21,21,14.63,6.37
Jarace Walker,2026-03-23,20,15.82,4.18
Jarace Walker,2026-03-25,15,15.77,0.77
Jarace Walker,2026-04-07,11,15.25,4.25
Jarace Walker,2026-04-09,14,15.01,1.01
Jarace Walker,2026-04-10,17,15.98,1.02
Cason Wallace,2026-03-12,4,10.36,6.36
Cason Wallace,2026-03-15,4,10.91,6.91
Cason Wallace,2026-03-17,9,9.13,0.13
Cason Wallace,2026-03-18,6,8.63,2.63
Cason Wallace,2026-03-21,4,8.03,4.03
Cason Wallace,2026-03-23,5,6.57,1.57
Cason Wallace,2026-03-25,7,5.79,1.21
Cason Wallace,2026-03-27,21,6.94,14.06
Cason Wallace,2026-03-29,5,7.4,2.4
Cason Wallace,2026-03-30,9,6.93,2.07
Cason Wallace,2026-04-02,8,8.72,0.72
Cason Wallace,2026-04-05,16,10.94,5.06
Cason Wallace,2026-04-07,5,10.59,5.59
Cason Wallace,2026-04-08,3,8.3,5.3
Keyonte George,2026-03-11,14,21.23,7.23
Jordan Hawkins,2026-03-26,9,3.99,5.01
Jordan Hawkins,2026-03-27,5,4.45,0.55
Jordan Hawkins,2026-03-29,2,4.18,2.18
Jordan Hawkins,2026-04-03,14,4.91,9.09
Jordan Hawkins,2026-04-05,7,5.72,1.28
Jordan Hawkins,2026-04-07,25,6.85,18.15
Jordan Hawkins,2026-04-10,20,7.17,12.83
Jordan Hawkins,2026-04-12,13,9.53,3.47
Jett Howard,2026-03-11,8,6.66,1.34
Jett Howard,2026-03-12,10,8.63,1.37
Jett Howard,2026-03-16,10,8.71,1.29
Jett Howard,2026-03-17,3,9.04,6.04
Jett Howard,2026-03-19,5,9.06,4.06
Jett Howard,2026-03-21,3,8.23,5.23
Jett Howard,2026-03-23,10,8.5,1.5
Jett Howard,2026-03-24,5,7.62,2.62
Jett Howard,2026-03-26,3,6.83,3.83
Jett Howard,2026-03-29,9,4.74,4.26
Jett Howard,2026-03-31,12,5.05,6.95
Jett Howard,2026-04-01,4,6.01,2.01
Jett Howard,2026-04-03,2,5.41,3.41
Brice Sensabaugh,2026-03-11,29,12.52,16.48
Brice Sensabaugh,2026-03-13,31,15.18,15.82
Brice Sensabaugh,2026-03-15,22,18.54,3.46
Brice Sensabaugh,2026-03-18,41,18.57,22.43
Brice Sensabaugh,2026-03-23,24,21.96,2.04
Brice Sensabaugh,2026-03-27,13,23.88,10.88
Brice Sensabaugh,2026-03-28,26,21.59,4.41
Brice Sensabaugh,2026-03-30,18,22.82,4.82
Brice Sensabaugh,2026-04-01,28,22.98,5.02
Brice Sensabaugh,2026-04-03,20,19.49,0.51
Brice Sensabaugh,2026-04-05,34,19.31,14.69
Brice Sensabaugh,2026-04-07,18,22.74,4.74
Brice Sensabaugh,2026-04-12,15,21.51,6.51
Noah Clowney,2026-03-10,9,12.27,3.27
Noah Clowney,2026-03-12,10,13.53,3.53
Noah Clowney,2026-03-14,5,12.79,7.79
Noah Clowney,2026-03-18,3,9.92,6.92
Noah Clowney,2026-03-27,5,9.13,4.13
Noah Clowney,2026-03-29,15,9.56,5.44
Noah Clowney,2026-03-31,4,9.5,5.5
Noah Clowney,2026-04-03,12,8.56,3.44
Bilal Coulibaly,2026-03-10,10,13.53,3.53
Bilal Coulibaly,2026-03-12,29,12.74,16.26
Bilal Coulibaly,2026-03-14,12,13.02,1.02
Bilal Coulibaly,2026-03-16,21,13.63,7.37
Bilal Coulibaly,2026-03-21,21,13.1,7.9
Bilal Coulibaly,2026-03-22,13,15.85,2.85
Bilal Coulibaly,2026-03-25,11,17.46,6.46
Bilal Coulibaly,2026-03-27,21,14.46,6.54
Bilal Coulibaly,2026-03-29,4,16.55,12.55
Bilal Coulibaly,2026-04-01,12,15.33,3.33
Bilal Coulibaly,2026-04-04,12,13.98,1.98
Bilal Coulibaly,2026-04-07,19,14.74,4.26
Bilal Coulibaly,2026-04-10,25,14.09,10.91
Nick Smith Jr.,2026-04-07,11,4.14,6.86
Nick Smith Jr.,2026-04-09,12,4.95,7.05
Nick Smith Jr.,2026-04-10,4,4.7,0.7
Nick Smith Jr.,2026-04-12,12,5.92,6.08
Adem Bona,2026-03-10,4,7.66,3.66
Adem Bona,2026-03-14,9,7.29,1.71
Adem Bona,2026-03-15,2,8.07,6.07
Adem Bona,2026-03-17,6,7.14,1.14
Adem Bona,2026-03-19,8,7.16,0.84
Adem Bona,2026-03-21,16,7.23,8.77
Adem Bona,2026-03-23,3,6.88,3.88
Adem Bona,2026-03-25,4,7.15,3.15
Adem Bona,2026-03-28,2,6.21,4.21
Adem Bona,2026-03-30,2,6.84,4.84
Adem Bona,2026-04-01,13,7.66,5.34
Adem Bona,2026-04-03,2,5.72,3.72
Adem Bona,2026-04-04,10,4.3,5.7
Adem Bona,2026-04-09,2,4.84,2.84
Adem Bona,2026-04-10,3,7.22,4.22
Adem Bona,2026-04-12,4,6.46,2.46
Kobe Brown,2026-03-10,5,8.36,3.36
Kobe Brown,2026-03-12,7,7.27,0.27
Kobe Brown,2026-03-13,8,7.18,0.82
Kobe Brown,2026-03-15,9,7.89,1.11
Kobe Brown,2026-03-17,13,7.63,5.37
Kobe Brown,2026-03-18,8,8.18,0.18
Kobe Brown,2026-03-21,9,7.87,1.13
Kobe Brown,2026-03-25,0,7.69,7.69
Kobe Brown,2026-03-27,11,7.53,3.47
Kobe Brown,2026-03-29,18,8.46,9.54
Kobe Brown,2026-04-01,17,9.23,7.77
Kobe Brown,2026-04-03,12,9.05,2.95
Kobe Brown,2026-04-05,11,10.34,0.66
Kobe Brown,2026-04-07,2,11.96,9.96
Kobe Brown,2026-04-10,7,11.59,4.59
Kobe Brown,2026-04-12,20,10.09,9.91
Toumani Camara,2026-03-10,11,11.51,0.51
Toumani Camara,2026-03-13,5,12.68,7.68
Toumani Camara,2026-03-15,7,11.84,4.84
Toumani Camara,2026-03-16,18,11.5,6.5
Toumani Camara,2026-03-18,17,11.61,5.39
Toumani Camara,2026-03-20,6,11.06,5.06
Toumani Camara,2026-03-22,16,9.99,6.01
Toumani Camara,2026-03-23,35,11.37,23.63
Toumani Camara,2026-03-25,10,13.9,3.9
Toumani Camara,2026-03-27,8,13.0,5.0
Toumani Camara,2026-03-29,23,13.03,9.97
Toumani Camara,2026-03-31,17,15.42,1.58
Toumani Camara,2026-04-02,23,16.88,6.12
Toumani Camara,2026-04-06,30,15.12,14.88
Toumani Camara,2026-04-08,18,17.37,0.63
Toumani Camara,2026-04-10,5,18.79,13.79
Toumani Camara,2026-04-12,15,18.54,3.54
Jaylen Clark,2026-03-11,11,3.79,7.21
Jaylen Clark,2026-03-18,9,5.16,3.84
Jaylen Clark,2026-03-22,0,3.55,3.55
Jaylen Clark,2026-03-28,9,4.12,4.88
Jaylen Clark,2026-04-05,9,5.21,3.79
Jaylen Clark,2026-04-07,11,6.09,4.91
Jaylen Clark,2026-04-08,3,6.17,3.17
Jaylen Clark,2026-04-10,2,6.47,4.47
Jaylen Clark,2026-04-12,8,6.84,1.16
Andre Jackson Jr.,2026-03-19,2,3.75,1.75
Andre Jackson Jr.,2026-03-23,3,2.19,0.81
Andre Jackson Jr.,2026-03-25,8,2.47,5.53
Andre Jackson Jr.,2026-03-28,11,2.73,8.27
Andre Jackson Jr.,2026-03-29,13,3.6,9.4
Andre Jackson Jr.,2026-04-01,8,3.97,4.03
Andre Jackson Jr.,2026-04-03,7,5.37,1.63
Andre Jackson Jr.,2026-04-07,3,7.54,4.54
Andre Jackson Jr.,2026-04-08,4,7.16,3.16
Andre Jackson Jr.,2026-04-10,0,6.98,6.98
Andre Jackson Jr.,2026-04-12,9,6.63,2.37
Ryan Kalkbrenner,2026-03-10,13,6.72,6.28
Ryan Kalkbrenner,2026-03-14,3,6.44,3.44
Ryan Kalkbrenner,2026-03-17,6,6.15,0.15
Ryan Kalkbrenner,2026-03-19,13,5.6,7.4
Ryan Kalkbrenner,2026-03-21,10,7.24,2.76
Ryan Kalkbrenner,2026-03-24,6,7.1,1.1
Ryan Kalkbrenner,2026-03-26,4,5.52,1.52
Ryan Kalkbrenner,2026-03-28,4,5.65,1.65
Ryan Kalkbrenner,2026-03-29,2,4.46,2.46
Ryan Kalkbrenner,2026-03-31,8,3.96,4.04
Ryan Kalkbrenner,2026-04-02,8,3.34,4.66
Ryan Kalkbrenner,2026-04-03,7,3.62,3.38
Ryan Kalkbrenner,2026-04-05,2,3.9,1.9
Ryan Kalkbrenner,2026-04-07,4,3.76,0.24
Ryan Kalkbrenner,2026-04-10,4,3.9,0.1
Ryan Kalkbrenner,2026-04-12,9,3.12,5.88
Jordan Miller,2026-03-11,14,9.32,4.68
Jordan Miller,2026-03-13,14,11.4,2.6
Jordan Miller,2026-03-14,6,12.44,6.44
Jordan Miller,2026-03-16,22,10.25,11.75
Jordan Miller,2026-03-18,13,11.65,1.35
Jordan Miller,2026-03-19,11,12.29,1.29
Jordan Miller,2026-03-21,10,11.4,1.4
Jordan Miller,2026-03-23,10,11.93,1.93
Jordan Miller,2026-03-27,5,12.84,7.84
Jordan Miller,2026-03-29,5,10.76,5.76
Jordan Miller,2026-03-31,16,10.58,5.42
Jordan Miller,2026-04-02,12,9.81,2.19
Jordan Miller,2026-04-05,13,10.24,2.76
Jordan Miller,2026-04-07,4,10.52,6.52
Jordan Miller,2026-04-08,16,8.28,7.72
Jordan Miller,2026-04-10,15,10.44,4.56
Jordan Miller,2026-04-12,14,10.42,3.58
Julian Phillips,2026-03-11,3,4.41,1.41
Julian Phillips,2026-03-28,0,3.34,3.34
Julian Phillips,2026-04-08,6,3.25,2.75
Julian Phillips,2026-04-12,16,4.74,11.26
Brandin Podziemski,2026-03-10,9,18.12,9.12
Brandin Podziemski,2026-03-13,25,18.26,6.74
Brandin Podziemski,2026-03-15,25,18.21,6.79
Brandin Podziemski,2026-03-16,10,18.75,8.75
Brandin Podziemski,2026-03-18,10,15.97,5.97
Brandin Podziemski,2026-03-20,15,16.3,1.3
Brandin Podziemski,2026-03-21,5,18.57,13.57
Brandin Podziemski,2026-03-23,20,15.91,4.09
Brandin Podziemski,2026-03-25,22,14.18,7.82
Brandin Podziemski,2026-03-27,22,16.01,5.99
Brandin Podziemski,2026-03-29,23,16.13,6.87
Brandin Podziemski,2026-04-01,14,16.73,2.73
Brandin Podziemski,2026-04-02,25,18.47,6.53
Brandin Podziemski,2026-04-05,18,18.49,0.49
Brandin Podziemski,2026-04-07,20,19.36,0.64
Brandin Podziemski,2026-04-09,17,18.34,1.34
Brandin Podziemski,2026-04-10,30,18.47,11.53
Brandin Podziemski,2026-04-12,10,19.83,9.83
Olivier-Maxence Prosper,2026-03-10,11,11.6,0.6
Olivier-Maxence Prosper,2026-03-12,9,10.97,1.97
Olivier-Maxence Prosper,2026-03-13,17,10.7,6.3
Olivier-Maxence Prosper,2026-03-16,13,10.85,2.15
Olivier-Maxence Prosper,2026-03-18,19,11.35,7.65
Olivier-Maxence Prosper,2026-03-20,14,10.49,3.51
Olivier-Maxence Prosper,2026-03-21,10,12.29,2.29
Olivier-Maxence Prosper,2026-03-23,8,13.15,5.15
Olivier-Maxence Prosper,2026-03-25,17,12.11,4.89
Olivier-Maxence Prosper,2026-03-27,31,12.42,18.58
Olivier-Maxence Prosper,2026-03-28,12,14.04,2.04
Olivier-Maxence Prosper,2026-04-01,17,12.06,4.94
Olivier-Maxence Prosper,2026-04-05,13,13.8,0.8
Olivier-Maxence Prosper,2026-04-06,24,15.38,8.62
Ben Sheppard,2026-03-10,9,9.09,0.09
Ben Sheppard,2026-03-12,10,8.29,1.71
Ben Sheppard,2026-03-13,5,7.32,2.32
Ben Sheppard,2026-03-17,7,6.83,0.17
Ben Sheppard,2026-03-18,10,6.33,3.67
Ben Sheppard,2026-03-21,9,6.06,2.94
Ben Sheppard,2026-03-23,5,5.35,0.35
Ben Sheppard,2026-03-25,13,5.3,7.7
Ben Sheppard,2026-03-27,2,5.73,3.73
Ben Sheppard,2026-03-29,5,6.83,1.83
Ben Sheppard,2026-04-01,13,6.44,6.56
Ben Sheppard,2026-04-03,7,6.91,0.09
,2026-04-10,2,10.05,8.05
,2026-04-12,2,10.74,8.74
Nae'Qwan Tomlin,2026-03-13,8,6.82,1.18
Nae'Qwan Tomlin,2026-03-15,4,5.79,1.79
Nae'Qwan Tomlin,2026-03-19,0,5.2,5.2
Nae'Qwan Tomlin,2026-03-24,0,4.34,4.34
Nae'Qwan Tomlin,2026-03-25,6,4.8,1.2
Nae'Qwan Tomlin,2026-03-27,0,4.62,4.62
Nae'Qwan Tomlin,2026-03-30,4,4.5,0.5
Nae'Qwan Tomlin,2026-03-31,9,2.61,6.39
Nae'Qwan Tomlin,2026-04-05,3,4.12,1.12
Nae'Qwan Tomlin,2026-04-06,10,3.61,6.39
Nae'Qwan Tomlin,2026-04-10,4,4.5,0.5
Nae'Qwan Tomlin,2026-04-12,26,5.59,20.41
Tristan Vukcevic,2026-03-10,3,11.36,8.36
Tristan Vukcevic,2026-03-12,11,10.05,0.95
Tristan Vukcevic,2026-03-14,22,9.13,12.87
Tristan Vukcevic,2026-03-16,11,10.9,0.1
Tristan Vukcevic,2026-03-17,9,9.89,0.89
Tristan Vukcevic,2026-03-19,21,9.96,11.04
Tristan Vukcevic,2026-03-21,6,11.49,5.49
Tristan Vukcevic,2026-03-22,13,11.31,1.69
Tristan Vukcevic,2026-03-29,10,11.16,1.16
Tristan Vukcevic,2026-03-30,14,11.25,2.75
Tristan Vukcevic,2026-04-01,17,11.73,5.27
Jordan Walsh,2026-03-12,8,2.46,5.54
Jordan Walsh,2026-03-27,5,4.35,0.65
Jordan Walsh,2026-03-29,3,3.34,0.34
Jordan Walsh,2026-03-30,8,3.61,4.39
Jordan Walsh,2026-04-01,0,4.77,4.77
Jordan Walsh,2026-04-03,7,5.84,1.16
Jordan Walsh,2026-04-05,4,5.27,1.27
Jordan Walsh,2026-04-07,9,5.2,3.8
Jordan Walsh,2026-04-09,5,4.67,0.33
Jordan Walsh,2026-04-10,6,5.45,0.55
Jordan Walsh,2026-04-12,9,5.16,3.84
,2026-04-07,3,9.71,6.71
,2026-04-09,14,9.99,4.01
,2026-04-10,8,9.57,1.57
,2026-04-12,0,8.99,8.99
Tristan da Silva,2026-03-11,23,11.5,11.5
Tristan da Silva,2026-03-12,26,12.88,13.12
Tristan da Silva,2026-03-14,11,14.42,3.42
Tristan da Silva,2026-03-16,7,13.81,6.81
Tristan da Silva,2026-03-17,13,13.4,0.4
Tristan da Silva,2026-03-19,4,15.32,11.32
Tristan da Silva,2026-03-21,12,13.59,1.59
Tristan da Silva,2026-03-23,21,11.76,9.24
Tristan da Silva,2026-03-24,18,11.61,6.39
Tristan da Silva,2026-03-26,18,13.44,4.56
Tristan da Silva,2026-03-29,12,13.11,1.11
Tristan da Silva,2026-03-31,9,14.33,5.33
Tristan da Silva,2026-04-01,9,15.05,6.05
Tristan da Silva,2026-04-03,19,13.98,5.02
Tristan da Silva,2026-04-05,2,13.84,11.84
Tristan da Silva,2026-04-06,12,11.3,0.7
Tristan da Silva,2026-04-08,12,11.81,0.19
Tristan da Silva,2026-04-10,2,12.81,10.81
Tristan da Silva,2026-04-12,8,10.78,2.78
Pelle Larsson,2026-03-10,10,12.95,2.95
Pelle Larsson,2026-03-12,28,11.71,16.29
Pelle Larsson,2026-03-14,15,14.31,0.69
Pelle Larsson,2026-03-17,14,13.77,0.23
Pelle Larsson,2026-03-19,11,14.14,3.14
Pelle Larsson,2026-03-21,19,14.74,4.26
Pelle Larsson,2026-03-23,7,15.96,8.96
Pelle Larsson,2026-03-25,14,14.05,0.05
Pelle Larsson,2026-03-27,10,13.7,3.7
Pelle Larsson,2026-03-29,15,14.11,0.89
Pelle Larsson,2026-03-30,20,13.68,6.32
Pelle Larsson,2026-04-01,18,12.84,5.16
Pelle Larsson,2026-04-04,16,15.24,0.76
Pelle Larsson,2026-04-07,7,14.35,7.35
Pelle Larsson,2026-04-09,10,14.84,4.84
Pelle Larsson,2026-04-10,24,15.83,8.17
Matas Buzelis,2026-03-10,41,18.59,22.41
Matas Buzelis,2026-03-12,22,19.16,2.84
Matas Buzelis,2026-03-13,18,18.88,0.88
Matas Buzelis,2026-03-16,29,20.3,8.7
Matas Buzelis,2026-03-18,19,23.08,4.08
Matas Buzelis,2026-03-19,13,23.51,10.51
Matas Buzelis,2026-03-23,23,19.24,3.76
Matas Buzelis,2026-03-25,18,20.13,2.13
Matas Buzelis,2026-03-27,15,19.27,4.27
Matas Buzelis,2026-03-28,29,18.03,10.97
Matas Buzelis,2026-03-30,12,18.55,6.55
Matas Buzelis,2026-04-01,17,18.96,1.96
Matas Buzelis,2026-04-03,11,17.17,6.17
Matas Buzelis,2026-04-10,14,17.34,3.34
Ronald Holland II,2026-03-10,16,8.7,7.3
Ronald Holland II,2026-03-12,15,9.74,5.26
Ronald Holland II,2026-03-13,12,10.36,1.64
Ronald Holland II,2026-03-15,2,9.48,7.48
Ronald Holland II,2026-03-17,11,11.13,0.13
Ronald Holland II,2026-03-19,2,11.37,9.37
Ronald Holland II,2026-03-20,11,9.07,1.93
Ronald Holland II,2026-03-23,2,8.04,6.04
Ronald Holland II,2026-03-25,2,7.59,5.59
Ronald Holland II,2026-03-26,2,7.23,5.23
Ronald Holland II,2026-03-28,13,7.15,5.85
Ronald Holland II,2026-03-30,4,6.61,2.61
Ronald Holland II,2026-03-31,1,6.3,5.3
Ronald Holland II,2026-04-02,8,5.84,2.16
Ronald Holland II,2026-04-04,11,6.96,4.04
Ronald Holland II,2026-04-06,5,6.78,1.78
Ronald Holland II,2026-04-08,18,6.18,11.82
Ronald Holland II,2026-04-10,13,6.5,6.5
Ronald Holland II,2026-04-12,3,8.94,5.94
Craig Porter Jr.,2026-03-13,5,6.55,1.55
Craig Porter Jr.,2026-03-30,2,6.53,4.53
Craig Porter Jr.,2026-03-31,0,4.55,4.55
Craig Porter Jr.,2026-04-05,5,5.06,0.06
Craig Porter Jr.,2026-04-06,11,4.57,6.43
Craig Porter Jr.,2026-04-10,6,4.95,1.05
Craig Porter Jr.,2026-04-12,7,5.75,1.25
,2026-04-07,11,8.12,2.88
,2026-04-09,11,8.03,2.97
,2026-04-10,19,8.97,10.03
,2026-04-12,8,10.22,2.22
,2026-04-12,20,4.46,15.54
Elijah Harkless,2026-03-11,5,7.06,2.06
Elijah Harkless,2026-03-13,10,7.72,2.28
Elijah Harkless,2026-03-15,13,8.82,4.18
Elijah Harkless,2026-03-18,8,10.46,2.46
Elijah Harkless,2026-03-19,23,10.47,12.53
Elijah Harkless,2026-03-21,15,11.04,3.96
Elijah Harkless,2026-03-23,9,12.28,3.28
Elijah Harkless,2026-03-25,10,13.62,3.62
Elijah Harkless,2026-03-27,11,13.98,2.98
Elijah Harkless,2026-03-28,4,14.74,10.74
Myron Gardner,2026-03-10,4,5.46,1.46
Myron Gardner,2026-03-12,3,4.22,1.22
Myron Gardner,2026-03-21,8,3.58,4.42
Myron Gardner,2026-03-23,9,4.41,4.59
Myron Gardner,2026-03-27,3,4.97,1.97
Myron Gardner,2026-04-12,2,5.49,3.49
Zaccharie Risacher,2026-03-10,4,8.5,4.5
Zaccharie Risacher,2026-03-12,19,7.17,11.83
Zaccharie Risacher,2026-03-14,7,8.78,1.78
Zaccharie Risacher,2026-03-16,2,9.16,7.16
Zaccharie Risacher,2026-03-18,5,7.71,2.71
Zaccharie Risacher,2026-03-20,16,7.46,8.54
Zaccharie Risacher,2026-03-21,17,8.78,8.22
Zaccharie Risacher,2026-03-23,11,7.78,3.22
Zaccharie Risacher,2026-03-25,2,7.36,5.36
Zaccharie Risacher,2026-03-27,6,7.95,1.95
Zaccharie Risacher,2026-03-28,13,9.99,3.01
Zaccharie Risacher,2026-03-30,9,8.98,0.02
Zaccharie Risacher,2026-04-01,4,7.9,3.9
Zaccharie Risacher,2026-04-03,2,6.29,4.29
Zaccharie Risacher,2026-04-06,3,6.56,3.56
Zaccharie Risacher,2026-04-10,4,7.52,3.52
Zaccharie Risacher,2026-04-12,11,6.54,4.46
Alex Sarr,2026-03-10,28,14.35,13.65
Alex Sarr,2026-03-12,16,14.2,1.8
Alex Sarr,2026-03-14,4,13.65,9.65
Alex Sarr,2026-03-19,2,12.67,10.67
Alex Sarr,2026-03-21,14,11.94,2.06
Alex Sarr,2026-03-27,8,13.3,5.3
Dalton Knecht,2026-04-07,5,2.89,2.11
Dalton Knecht,2026-04-12,17,5.04,11.96
Cody Williams,2026-03-11,10,8.04,1.96
Cody Williams,2026-03-13,19,10.33,8.67
Cody Williams,2026-03-15,34,12.4,21.6
Cody Williams,2026-03-18,7,15.24,8.24
Cody Williams,2026-03-19,23,14.8,8.2
Cody Williams,2026-03-21,15,16.53,1.53
Cody Williams,2026-03-25,24,19.78,4.22
Cody Williams,2026-03-27,24,18.65,5.35
Cody Williams,2026-03-28,0,16.57,16.57
Cody Williams,2026-03-30,26,16.74,9.26
Cody Williams,2026-04-01,9,17.5,8.5
Cody Williams,2026-04-03,27,17.09,9.91
Cody Williams,2026-04-05,8,15.81,7.81
Cody Williams,2026-04-07,19,15.48,3.52
Cody Williams,2026-04-10,14,17.47,3.47
Cody Williams,2026-04-12,14,15.96,1.96
Reed Sheppard,2026-03-10,7,18.3,11.3
Reed Sheppard,2026-03-11,9,18.41,9.41
Reed Sheppard,2026-03-13,18,17.24,0.76
Reed Sheppard,2026-03-16,11,15.16,4.16
Reed Sheppard,2026-03-18,11,13.39,2.39
Reed Sheppard,2026-03-20,14,12.57,1.43
Reed Sheppard,2026-03-21,23,14.05,8.95
Reed Sheppard,2026-03-23,13,15.38,2.38
Reed Sheppard,2026-03-25,10,14.25,4.25
Reed Sheppard,2026-03-27,15,14.45,0.55
Reed Sheppard,2026-03-29,6,15.03,9.03
Reed Sheppard,2026-03-31,20,13.17,6.83
Reed Sheppard,2026-04-01,27,12.98,14.02
Reed Sheppard,2026-04-03,12,14.66,2.66
Reed Sheppard,2026-04-05,11,14.04,3.04
Reed Sheppard,2026-04-07,12,13.4,1.4
Reed Sheppard,2026-04-09,6,15.34,9.34
Reed Sheppard,2026-04-10,12,13.04,1.04
Reed Sheppard,2026-04-12,19,11.3,7.7
Stephon Castle,2026-03-10,18,14.3,3.7
Stephon Castle,2026-03-12,30,15.19,14.81
Stephon Castle,2026-03-14,15,16.12,1.12
Stephon Castle,2026-03-16,23,17.25,5.75
Stephon Castle,2026-03-17,3,20.05,17.05
Stephon Castle,2026-03-23,19,18.87,0.13
Stephon Castle,2026-03-25,15,19.23,4.23
Stephon Castle,2026-03-28,22,16.94,5.06
Stephon Castle,2026-03-30,21,17.49,3.51
Stephon Castle,2026-04-01,15,16.84,1.84
Stephon Castle,2026-04-02,20,17.48,2.52
Stephon Castle,2026-04-04,20,18.09,1.91
Stephon Castle,2026-04-06,19,18.91,0.09
Stephon Castle,2026-04-12,10,18.68,8.68
Rob Dillingham,2026-03-10,5,7.98,2.98
Rob Dillingham,2026-03-12,12,8.28,3.72
Rob Dillingham,2026-03-13,12,8.46,3.54
Rob Dillingham,2026-03-16,15,9.41,5.59
Rob Dillingham,2026-03-18,15,8.86,6.14
Rob Dillingham,2026-03-19,17,10.3,6.7
Rob Dillingham,2026-03-23,9,10.54,1.54
Rob Dillingham,2026-03-25,12,10.98,1.02
Rob Dillingham,2026-03-27,2,10.42,8.42
Rob Dillingham,2026-03-28,8,10.08,2.08
Rob Dillingham,2026-03-30,6,8.39,2.39
Rob Dillingham,2026-04-01,15,8.43,6.57
Rob Dillingham,2026-04-03,3,7.6,4.6
Rob Dillingham,2026-04-05,10,7.28,2.72
Rob Dillingham,2026-04-07,26,9.15,16.85
Rob Dillingham,2026-04-09,5,11.55,6.55
Rob Dillingham,2026-04-10,13,10.46,2.54
Rob Dillingham,2026-04-12,25,10.79,14.21
Ja'Kobe Walter,2026-03-10,6,6.94,0.94
Ja'Kobe Walter,2026-03-11,0,7.92,7.92
Ja'Kobe Walter,2026-03-13,12,6.69,5.31
Ja'Kobe Walter,2026-03-15,3,7.11,4.11
Ja'Kobe Walter,2026-03-18,18,7.72,10.28
Ja'Kobe Walter,2026-03-20,14,7.25,6.75
Ja'Kobe Walter,2026-03-22,13,7.18,5.82
Ja'Kobe Walter,2026-03-23,21,9.04,11.96
Ja'Kobe Walter,2026-03-25,5,9.79,4.79
Ja'Kobe Walter,2026-03-27,18,11.0,7.0
Ja'Kobe Walter,2026-03-29,11,10.95,0.05
Ja'Kobe Walter,2026-03-31,3,11.38,8.38
Ja'Kobe Walter,2026-04-01,8,12.21,4.21
Ja'Kobe Walter,2026-04-03,7,10.75,3.75
Ja'Kobe Walter,2026-04-05,16,11.02,4.98
Ja'Kobe Walter,2026-04-07,9,10.35,1.35
Ja'Kobe Walter,2026-04-09,7,9.75,2.75
Ja'Kobe Walter,2026-04-10,15,8.93,6.07
Ja'Kobe Walter,2026-04-12,11,10.15,0.85
Bub Carrington,2026-03-10,12,9.48,2.52
Bub Carrington,2026-03-12,12,9.45,2.55
Bub Carrington,2026-03-14,2,8.9,6.9
Bub Carrington,2026-03-16,4,8.49,4.49
Bub Carrington,2026-03-17,30,8.47,21.53
Bub Carrington,2026-03-19,10,11.26,1.26
Bub Carrington,2026-03-21,19,10.48,8.52
Bub Carrington,2026-03-22,14,11.15,2.85
Bub Carrington,2026-03-25,12,15.42,3.42
Bub Carrington,2026-03-27,16,15.03,0.97
Bub Carrington,2026-03-29,11,13.2,2.2
Bub Carrington,2026-03-30,5,13.46,8.46
Bub Carrington,2026-04-01,13,11.93,1.07
Bub Carrington,2026-04-04,11,12.51,1.51
Bub Carrington,2026-04-05,13,13.25,0.25
Bub Carrington,2026-04-07,14,12.24,1.76
Bub Carrington,2026-04-09,12,12.65,0.65
Bub Carrington,2026-04-10,30,12.78,17.22
Bub Carrington,2026-04-12,20,13.35,6.65
Isaiah Collier,2026-03-11,9,15.66,6.66
Isaiah Collier,2026-03-13,17,15.6,1.4
Isaiah Collier,2026-03-15,21,15.95,5.05
Isaiah Collier,2026-03-18,14,17.45,3.45
Devin Carter,2026-03-10,24,9.31,14.69
Devin Carter,2026-03-22,16,10.41,5.59
Devin Carter,2026-03-24,18,9.16,8.84
Devin Carter,2026-03-26,14,10.7,3.3
Devin Carter,2026-03-28,2,12.74,10.74
Devin Carter,2026-03-29,20,13.28,6.72
Devin Carter,2026-04-01,13,13.74,0.74
Devin Carter,2026-04-03,9,14.2,5.2
Devin Carter,2026-04-05,21,12.17,8.83
Devin Carter,2026-04-07,6,13.88,7.88
Devin Carter,2026-04-10,29,14.24,14.76
Devin Carter,2026-04-12,8,14.39,6.39
Donovan Clingan,2026-03-10,11,12.19,1.19
Donovan Clingan,2026-03-13,21,14.0,7.0
Donovan Clingan,2026-03-15,11,13.23,2.23
Donovan Clingan,2026-03-16,14,14.26,0.26
Donovan Clingan,2026-03-18,28,13.71,14.29
Donovan Clingan,2026-03-20,21,15.82,5.18
Donovan Clingan,2026-03-22,18,17.05,0.95
Donovan Clingan,2026-03-23,7,16.62,9.62
Donovan Clingan,2026-03-25,14,17.61,3.61
Donovan Clingan,2026-03-27,6,18.1,12.1
Donovan Clingan,2026-03-29,6,16.61,10.61
Donovan Clingan,2026-03-31,4,13.47,9.47
Donovan Clingan,2026-04-02,4,12.02,8.02
Donovan Clingan,2026-04-06,18,10.73,7.27
Donovan Clingan,2026-04-08,11,10.47,0.53
Donovan Clingan,2026-04-10,18,10.2,7.8
Donovan Clingan,2026-04-12,13,11.39,1.61
Kyle Filipowski,2026-03-11,15,14.74,0.26
Kyle Filipowski,2026-03-13,11,15.07,4.07
Kyle Filipowski,2026-03-18,7,15.94,8.94
Kyle Filipowski,2026-03-19,16,14.97,1.03
Kyle Filipowski,2026-03-21,12,14.93,2.93
Kyle Filipowski,2026-03-23,6,13.94,7.94
Kyle Filipowski,2026-03-27,25,13.18,11.82
Kyle Filipowski,2026-03-28,26,13.8,12.2
Kyle Filipowski,2026-03-30,20,15.88,4.12
Kyle Filipowski,2026-04-01,25,15.92,9.08
Kyle Filipowski,2026-04-03,17,16.68,0.32
Kyle Filipowski,2026-04-05,20,18.05,1.95
Kyle Filipowski,2026-04-07,9,19.38,10.38
Jared McCain,2026-03-12,3,11.48,8.48
Jared McCain,2026-03-15,15,10.51,4.49
Jared McCain,2026-03-17,6,8.81,2.81
Jared McCain,2026-03-18,26,9.22,16.78
Jared McCain,2026-03-21,18,10.77,7.23
Jared McCain,2026-03-23,13,11.42,1.58
Jared McCain,2026-03-25,6,11.46,5.46
Jared McCain,2026-03-27,0,12.3,12.3
Jared McCain,2026-03-29,0,11.75,11.75
Jared McCain,2026-03-30,7,9.3,2.3
Jared McCain,2026-04-02,8,7.4,0.6
Jared McCain,2026-04-05,3,6.93,3.93
Jared McCain,2026-04-07,15,5.5,9.5
Jared McCain,2026-04-10,15,6.67,8.33
Jared McCain,2026-04-12,9,6.85,2.15
Yves Missi,2026-03-11,6,3.65,2.35
Yves Missi,2026-03-13,5,3.29,1.71
Yves Missi,2026-03-16,4,4.13,0.13
Yves Missi,2026-03-18,4,4.92,0.92
Yves Missi,2026-03-19,11,4.87,6.13
Yves Missi,2026-03-21,6,6.37,0.37
Yves Missi,2026-03-24,2,5.71,3.71
Yves Missi,2026-03-26,2,5.86,3.86
Yves Missi,2026-03-27,7,5.61,1.39
Yves Missi,2026-03-29,8,5.94,2.06
Yves Missi,2026-04-02,6,6.6,0.6
Yves Missi,2026-04-03,6,6.55,0.55
Yves Missi,2026-04-05,18,6.24,11.76
Kel'el Ware,2026-03-12,6,11.14,5.14
Kel'el Ware,2026-03-14,13,10.87,2.13
Kel'el Ware,2026-03-17,7,10.74,3.74
Kel'el Ware,2026-03-19,14,10.69,3.31
Kel'el Ware,2026-03-23,7,10.12,3.12
Kel'el Ware,2026-03-25,13,10.53,2.47
Kel'el Ware,2026-03-27,14,10.35,3.65
Kel'el Ware,2026-03-29,5,11.53,6.53
Kel'el Ware,2026-03-30,5,10.45,5.45
Kel'el Ware,2026-04-01,8,8.91,0.91
Kel'el Ware,2026-04-04,24,10.21,13.79
Kel'el Ware,2026-04-07,5,10.32,5.32
Kel'el Ware,2026-04-09,7,8.99,1.99
Kel'el Ware,2026-04-10,12,10.1,1.9
Kel'el Ware,2026-04-12,16,10.54,5.46
Tyler Kolek,2026-03-17,3,5.5,2.5
Tyler Kolek,2026-03-22,11,5.5,5.5
Tyler Kolek,2026-03-26,0,3.78,3.78
Tyler Kolek,2026-04-01,9,4.0,5.0
Tyler Kolek,2026-04-03,8,4.94,3.06
Jaylon Tyson,2026-03-11,4,12.99,8.99
Jaylon Tyson,2026-03-13,8,12.55,4.55
Jaylon Tyson,2026-03-17,2,12.14,10.14
Jaylon Tyson,2026-03-19,18,9.89,8.11
Jaylon Tyson,2026-04-10,15,9.58,5.42
Jaylon Tyson,2026-04-12,18,10.01,7.99
Cam Spencer,2026-03-10,12,9.81,2.19
Cam Spencer,2026-03-13,19,9.12,9.88
Cam Spencer,2026-03-16,12,11.82,0.18
Cam Spencer,2026-03-18,8,11.61,3.61
Cam Spencer,2026-03-20,11,11.22,0.22
Cam Spencer,2026-03-21,0,12.45,12.45
Cam Spencer,2026-03-25,1,12.35,11.35
Cam Spencer,2026-03-27,11,10.64,0.36
Cam Spencer,2026-03-30,16,10.52,5.48
Cam Spencer,2026-04-01,10,10.51,0.51
Cam Spencer,2026-04-06,9,9.94,0.94
Oso Ighodaro,2026-03-10,8,8.23,0.23
Oso Ighodaro,2026-03-12,6,8.27,2.27
Oso Ighodaro,2026-03-13,5,7.14,2.14
Oso Ighodaro,2026-03-16,4,5.37,1.37
Oso Ighodaro,2026-03-17,16,5.92,10.08
Oso Ighodaro,2026-03-19,15,7.06,7.94
Oso Ighodaro,2026-03-21,12,8.87,3.13
Oso Ighodaro,2026-03-22,6,8.57,2.57
Oso Ighodaro,2026-03-24,15,9.73,5.27
Oso Ighodaro,2026-03-28,13,11.19,1.81
Oso Ighodaro,2026-03-30,11,10.21,0.79
Oso Ighodaro,2026-03-31,5,9.44,4.44
Oso Ighodaro,2026-04-02,6,8.18,2.18
Oso Ighodaro,2026-04-05,6,9.6,3.6
Oso Ighodaro,2026-04-07,8,7.67,0.33
Oso Ighodaro,2026-04-08,4,7.45,3.45
Oso Ighodaro,2026-04-10,8,5.2,2.8
Oso Ighodaro,2026-04-12,2,5.34,3.34
Ryan Dunn,2026-03-12,5,4.59,0.41
Ryan Dunn,2026-03-17,7,2.94,4.06
Ryan Dunn,2026-03-19,5,2.64,2.36
Ryan Dunn,2026-03-21,12,3.0,9.0
Ryan Dunn,2026-03-22,12,3.47,8.53
Ryan Dunn,2026-03-28,9,6.46,2.54
Ryan Dunn,2026-03-30,6,6.88,0.88
Ryan Dunn,2026-04-08,0,8.05,8.05
Ryan Dunn,2026-04-10,1,7.95,6.95
Ryan Dunn,2026-04-12,20,6.86,13.14
Jamal Shead,2026-03-10,2,7.47,5.47
Jamal Shead,2026-03-11,9,7.38,1.62
Jamal Shead,2026-03-13,6,6.72,0.72
Jamal Shead,2026-03-15,4,6.96,2.96
Jamal Shead,2026-03-18,0,7.26,7.26
Jamal Shead,2026-03-20,4,6.96,2.96
Jamal Shead,2026-03-22,2,6.31,4.31
Jamal Shead,2026-03-23,7,7.45,0.45
Jamal Shead,2026-03-25,8,6.45,1.55
Jamal Shead,2026-03-27,0,8.02,8.02
Jamal Shead,2026-03-29,12,7.87,4.13
Jamal Shead,2026-03-31,6,7.92,1.92
Jamal Shead,2026-04-01,16,9.3,6.7
Jamal Shead,2026-04-03,11,9.17,1.83
Jamal Shead,2026-04-05,7,7.76,0.76
Jamal Shead,2026-04-07,3,9.53,6.53
Jamal Shead,2026-04-09,8,10.26,2.26
Jamal Shead,2026-04-10,5,9.63,4.63
Jamal Shead,2026-04-12,6,8.79,2.79
Justin Edwards,2026-03-10,0,5.5,5.5
Justin Edwards,2026-03-12,12,5.49,6.51
Justin Edwards,2026-03-14,19,7.84,11.16
Justin Edwards,2026-03-15,21,9.1,11.9
Justin Edwards,2026-03-17,11,9.39,1.61
Justin Edwards,2026-03-19,32,10.69,21.31
Justin Edwards,2026-03-21,8,15.01,7.01
Justin Edwards,2026-03-23,8,14.14,6.14
Justin Edwards,2026-03-25,12,14.42,2.42
Justin Edwards,2026-03-28,2,13.32,11.32
Justin Edwards,2026-04-01,5,12.7,7.7
Justin Edwards,2026-04-04,0,8.48,8.48
Justin Edwards,2026-04-06,2,8.11,6.11
Justin Edwards,2026-04-09,4,6.09,2.09
Justin Edwards,2026-04-10,2,6.21,4.21
Justin Edwards,2026-04-12,17,5.6,11.4
Ajay Mitchell,2026-03-12,15,13.79,1.21
Ajay Mitchell,2026-03-15,11,13.84,2.84
Ajay Mitchell,2026-03-17,16,13.69,2.31
Ajay Mitchell,2026-03-18,10,15.52,5.52
Ajay Mitchell,2026-03-21,14,15.42,1.42
Ajay Mitchell,2026-03-25,8,12.06,4.06
Ajay Mitchell,2026-03-27,15,12.96,2.04
Ajay Mitchell,2026-03-29,8,11.97,3.97
Ajay Mitchell,2026-03-30,14,11.28,2.72
Ajay Mitchell,2026-04-02,10,12.26,2.26
Ajay Mitchell,2026-04-05,7,12.24,5.24
Ajay Mitchell,2026-04-07,9,10.85,1.85
Ajay Mitchell,2026-04-08,7,10.23,3.23
Keshad Johnson,2026-03-17,15,4.57,10.43
Keshad Johnson,2026-04-09,6,6.22,0.22
Keshad Johnson,2026-04-10,10,7.64,2.36
Keshad Johnson,2026-04-12,12,7.16,4.84
Cam Christie,2026-03-11,2,3.49,1.49
Cam Christie,2026-03-16,3,3.13,0.13
Cam Christie,2026-03-19,0,3.74,3.74
Cam Christie,2026-03-23,8,3.48,4.52
Cam Christie,2026-04-02,0,3.02,3.02
Cam Christie,2026-04-05,2,3.93,1.93
Cam Christie,2026-04-08,2,2.52,0.52
KJ Simpson,2026-04-10,2,6.26,4.26
Bronny James,2026-03-25,4,4.35,0.35
Bronny James,2026-03-30,6,4.82,1.18
Bronny James,2026-03-31,0,5.56,5.56
Bronny James,2026-04-02,10,5.17,4.83
Bronny James,2026-04-05,5,5.43,0.43
Bronny James,2026-04-07,4,4.51,0.51
Bronny James,2026-04-09,10,5.54,4.46
Bronny James,2026-04-10,3,5.75,2.75
Bronny James,2026-04-12,11,6.68,4.32
AJ Johnson,2026-03-13,2,7.52,5.52
AJ Johnson,2026-03-16,4,7.39,3.39
AJ Johnson,2026-03-18,3,5.73,2.73
AJ Johnson,2026-03-27,0,4.34,4.34
AJ Johnson,2026-03-31,8,3.93,4.07
AJ Johnson,2026-04-07,1,4.37,3.37
AJ Johnson,2026-04-08,4,4.79,0.79
AJ Johnson,2026-04-10,13,4.51,8.49
AJ Johnson,2026-04-12,20,7.14,12.86
Nique Clifford,2026-03-10,12,14.62,2.62
Nique Clifford,2026-03-11,18,13.11,4.89
Nique Clifford,2026-03-14,11,11.82,0.82
Nique Clifford,2026-03-15,10,13.06,3.06
Nique Clifford,2026-03-17,15,11.77,3.23
Nique Clifford,2026-03-22,7,13.52,6.52
Nique Clifford,2026-03-28,3,12.95,9.95
Nique Clifford,2026-03-29,17,10.72,6.28
Nique Clifford,2026-04-01,9,10.93,1.93
Nique Clifford,2026-04-03,23,11.98,11.02
Nique Clifford,2026-04-05,18,11.49,6.51
Nique Clifford,2026-04-07,12,13.47,1.47
Nique Clifford,2026-04-10,20,14.0,6.0
Nique Clifford,2026-04-12,24,15.25,8.75
Jamir Watkins,2026-03-12,7,9.24,2.24
Jamir Watkins,2026-03-14,15,8.11,6.89
Jamir Watkins,2026-03-16,6,8.88,2.88
Jamir Watkins,2026-03-17,3,6.81,3.81
Jamir Watkins,2026-03-19,9,6.15,2.85
Jamir Watkins,2026-03-21,13,6.91,6.09
Jamir Watkins,2026-03-22,5,7.97,2.97
Jamir Watkins,2026-03-25,8,8.24,0.24
Jamir Watkins,2026-03-27,3,8.13,5.13
Jamir Watkins,2026-03-29,8,7.82,0.18
Jamir Watkins,2026-03-30,8,7.56,0.44
Jamir Watkins,2026-04-01,7,7.39,0.39
Jamir Watkins,2026-04-04,14,6.67,7.33
Jamir Watkins,2026-04-05,20,6.93,13.07
Jamir Watkins,2026-04-07,13,10.7,2.3
Jamir Watkins,2026-04-09,9,11.32,2.32
Jamir Watkins,2026-04-10,7,11.17,4.17
Jamir Watkins,2026-04-12,24,12.54,11.46
Quinten Post,2026-03-13,7,8.3,1.3
Quinten Post,2026-03-15,22,7.28,14.72
Quinten Post,2026-03-18,6,8.69,2.69
Quinten Post,2026-03-21,8,9.13,1.13
Jonathan Mogbo,2026-03-10,2,1.77,0.23
Jonathan Mogbo,2026-03-18,1,1.99,0.99
Jonathan Mogbo,2026-03-22,8,2.27,5.73
Jonathan Mogbo,2026-03-23,4,3.93,0.07
Jonathan Mogbo,2026-03-29,2,2.43,0.43
Jonathan Mogbo,2026-04-03,0,2.52,2.52
Jonathan Mogbo,2026-04-10,6,2.96,3.04
Jonathan Mogbo,2026-04-12,2,3.12,1.12
Jaylen Wells,2026-03-10,11,15.21,4.21
Jaylen Wells,2026-03-12,23,15.47,7.53
Jaylen Wells,2026-03-16,16,15.24,0.76
Jaylen Wells,2026-03-18,11,13.7,2.7
Jaylen Wells,2026-03-20,6,13.43,7.43
Jaylen Wells,2026-03-21,9,13.13,4.13
Jaylen Wells,2026-03-23,4,13.53,9.53
Branden Carlson,2026-04-02,4,5.5,1.5
Branden Carlson,2026-04-05,11,5.62,5.38
Branden Carlson,2026-04-07,8,3.12,4.88
Branden Carlson,2026-04-10,23,3.59,19.41
Branden Carlson,2026-04-12,26,5.88,20.12
Walter Clayton Jr.,2026-03-16,12,11.25,0.75
Walter Clayton Jr.,2026-03-18,4,11.42,7.42
Walter Clayton Jr.,2026-03-20,4,10.02,6.02
Walter Clayton Jr.,2026-03-21,11,9.8,1.2
Walter Clayton Jr.,2026-03-23,16,11.15,4.85
Walter Clayton Jr.,2026-03-25,10,10.81,0.81
Walter Clayton Jr.,2026-03-27,7,9.64,2.64
Walter Clayton Jr.,2026-03-28,7,11.22,4.22
Walter Clayton Jr.,2026-03-30,11,11.18,0.18
Walter Clayton Jr.,2026-04-01,10,11.24,1.24
Walter Clayton Jr.,2026-04-05,20,10.3,9.7
Walter Clayton Jr.,2026-04-06,10,11.05,1.05
Walter Clayton Jr.,2026-04-08,15,11.66,3.34
,2026-03-25,21,9.6,11.4
,2026-04-07,10,10.09,0.09
,2026-04-10,30,9.92,20.08
,2026-04-12,10,11.49,1.49
Chaz Lanier,2026-03-10,3,4.03,1.03
Chaz Lanier,2026-03-20,0,3.54,3.54
Chaz Lanier,2026-03-26,6,3.43,2.57
Chaz Lanier,2026-03-30,0,2.6,2.6
Chaz Lanier,2026-04-06,2,3.45,1.45
Chaz Lanier,2026-04-08,3,3.5,0.5
Chaz Lanier,2026-04-12,2,4.32,2.32
Jamison Battle,2026-03-10,3,1.83,1.17
Jamison Battle,2026-03-11,3,2.82,0.18
Jamison Battle,2026-03-13,0,1.48,1.48
Jamison Battle,2026-03-18,6,3.33,2.67
Jamison Battle,2026-03-20,3,3.28,0.28
Jamison Battle,2026-03-22,7,3.03,3.97
Jamison Battle,2026-03-23,17,4.0,13.0
Jamison Battle,2026-03-25,3,5.37,2.37
Jamison Battle,2026-04-10,2,5.12,3.12
Jamison Battle,2026-04-12,2,4.23,2.23
Daniss Jenkins,2026-03-10,14,6.65,7.35
Daniss Jenkins,2026-03-12,6,7.26,1.26
Daniss Jenkins,2026-03-13,4,8.06,4.06
Daniss Jenkins,2026-03-17,15,8.61,6.39
Daniss Jenkins,2026-03-19,9,9.36,0.36
Daniss Jenkins,2026-03-20,22,9.34,12.66
Daniss Jenkins,2026-03-23,30,10.45,19.55
Daniss Jenkins,2026-03-25,19,14.07,4.93
Daniss Jenkins,2026-03-26,19,16.91,2.09
Daniss Jenkins,2026-03-28,13,17.59,4.59
Daniss Jenkins,2026-03-30,15,18.65,3.65
Daniss Jenkins,2026-03-31,21,18.58,2.42
Daniss Jenkins,2026-04-02,26,18.04,7.96
Daniss Jenkins,2026-04-04,16,18.62,2.62
Daniss Jenkins,2026-04-06,18,18.45,0.45
Daniss Jenkins,2026-04-08,9,19.29,10.29
Daniss Jenkins,2026-04-10,6,18.21,12.21
Daniss Jenkins,2026-04-12,2,17.12,15.12
Spencer Jones,2026-03-11,0,4.83,4.83
Spencer Jones,2026-03-12,19,4.55,14.45
Spencer Jones,2026-03-14,5,6.49,1.49
Spencer Jones,2026-03-17,7,6.56,0.44
Spencer Jones,2026-03-18,6,6.72,0.72
Spencer Jones,2026-03-20,0,7.0,7.0
Spencer Jones,2026-03-22,5,7.36,2.36
Spencer Jones,2026-03-24,4,4.51,0.51
Spencer Jones,2026-03-25,4,5.0,1.0
Spencer Jones,2026-03-27,0,5.33,5.33
Spencer Jones,2026-03-29,0,4.39,4.39
RayJ Dennis,2026-04-12,10,4.58,5.42
,2026-03-18,0,3.86,3.86
,2026-03-20,5,3.97,1.03
,2026-03-21,2,3.74,1.74
,2026-04-01,5,3.14,1.86
,2026-04-07,2,4.31,2.31
,2026-04-09,12,4.24,7.76
,2026-04-10,7,5.51,1.49
,2026-04-12,8,5.15,2.85
,2026-04-07,3,5.33,2.33
,2026-04-09,6,5.43,0.57
,2026-04-10,0,5.02,5.02
,2026-04-12,14,5.19,8.81
Cooper Flagg,2026-03-10,14,20.65,6.65
Cooper Flagg,2026-03-12,13,21.35,8.35
Cooper Flagg,2026-03-13,25,18.51,6.49
Cooper Flagg,2026-03-15,27,18.53,8.47
Cooper Flagg,2026-03-16,21,19.47,1.53
Cooper Flagg,2026-03-18,17,19.03,2.03
Cooper Flagg,2026-03-21,18,19.49,1.49
Cooper Flagg,2026-03-23,32,20.79,11.21
Cooper Flagg,2026-03-25,26,21.6,4.4
Cooper Flagg,2026-03-27,24,21.02,2.98
Cooper Flagg,2026-03-30,12,20.79,8.79
Cooper Flagg,2026-03-31,19,21.37,2.37
Cooper Flagg,2026-04-03,51,22.05,28.95
Cooper Flagg,2026-04-05,45,23.49,21.51
Cooper Flagg,2026-04-07,25,24.57,0.43
Cooper Flagg,2026-04-08,11,24.73,13.73
Cooper Flagg,2026-04-10,33,26.89,6.11
Cooper Flagg,2026-04-12,10,30.69,20.69
Dylan Harper,2026-03-10,9,11.02,2.02
Dylan Harper,2026-03-12,13,11.89,1.11
Dylan Harper,2026-03-17,15,11.01,3.99
Dylan Harper,2026-03-19,5,11.75,6.75
Dylan Harper,2026-03-21,24,12.87,11.13
Dylan Harper,2026-03-23,21,12.4,8.6
Dylan Harper,2026-03-25,10,13.75,3.75
Dylan Harper,2026-03-28,14,12.15,1.85
Dylan Harper,2026-03-30,13,13.04,0.04
Dylan Harper,2026-04-01,13,13.5,0.5
Dylan Harper,2026-04-02,19,12.06,6.94
Dylan Harper,2026-04-04,12,11.93,0.07
Dylan Harper,2026-04-06,17,11.93,5.07
Dylan Harper,2026-04-08,13,12.39,0.61
Dylan Harper,2026-04-10,13,13.51,0.51
Dylan Harper,2026-04-12,9,13.17,4.17
VJ Edgecombe,2026-03-10,21,18.52,2.48
VJ Edgecombe,2026-03-12,10,17.92,7.92
VJ Edgecombe,2026-03-14,16,17.95,1.95
VJ Edgecombe,2026-03-15,18,17.47,0.53
VJ Edgecombe,2026-03-17,9,16.38,7.38
VJ Edgecombe,2026-03-19,38,17.03,20.97
VJ Edgecombe,2026-03-21,22,18.96,3.04
VJ Edgecombe,2026-03-23,35,18.84,16.16
VJ Edgecombe,2026-03-25,22,21.38,0.62
VJ Edgecombe,2026-03-28,13,21.9,8.9
VJ Edgecombe,2026-03-30,13,23.67,10.67
VJ Edgecombe,2026-04-01,23,21.32,1.68
VJ Edgecombe,2026-04-03,8,20.72,12.72
VJ Edgecombe,2026-04-04,19,16.04,2.96
VJ Edgecombe,2026-04-06,14,15.59,1.59
VJ Edgecombe,2026-04-09,20,16.04,3.96
VJ Edgecombe,2026-04-10,16,17.42,1.42
VJ Edgecombe,2026-04-12,9,16.33,7.33
Ace Bailey,2026-03-11,21,15.14,5.86
Ace Bailey,2026-03-13,8,16.66,8.66
Ace Bailey,2026-03-18,17,15.65,1.35
Ace Bailey,2026-03-19,33,15.38,17.62
Ace Bailey,2026-03-21,25,15.94,9.06
Ace Bailey,2026-03-23,37,16.52,20.48
Ace Bailey,2026-03-25,15,18.74,3.74
Ace Bailey,2026-03-27,15,20.76,5.76
Ace Bailey,2026-03-28,13,20.63,7.63
Ace Bailey,2026-03-30,19,19.15,0.15
Ace Bailey,2026-04-01,12,18.54,6.54
Ace Bailey,2026-04-03,22,14.87,7.13
Ace Bailey,2026-04-05,14,15.11,1.11
Ace Bailey,2026-04-10,23,16.7,6.3
Ace Bailey,2026-04-12,15,16.74,1.74
Jeremiah Fears,2026-03-11,7,13.78,6.78
Jeremiah Fears,2026-03-13,9,11.22,2.22
Jeremiah Fears,2026-03-16,17,12.16,4.84
Jeremiah Fears,2026-03-18,11,12.19,1.19
Jeremiah Fears,2026-03-19,8,12.17,4.17
Jeremiah Fears,2026-03-21,7,10.49,3.49
Jeremiah Fears,2026-03-24,21,10.21,10.79
Jeremiah Fears,2026-03-26,13,11.28,1.72
Jeremiah Fears,2026-03-27,10,10.65,0.65
Jeremiah Fears,2026-03-29,12,11.09,0.91
Jeremiah Fears,2026-04-02,21,12.21,8.79
Jeremiah Fears,2026-04-03,28,13.53,14.47
Jeremiah Fears,2026-04-05,19,14.1,4.9
Jeremiah Fears,2026-04-07,40,16.1,23.9
Jeremiah Fears,2026-04-10,36,17.78,18.22
Jeremiah Fears,2026-04-12,36,22.43,13.57
Tre Johnson,2026-03-10,17,11.66,5.34
Tre Johnson,2026-03-12,3,12.13,9.13
Tre Johnson,2026-03-14,7,11.37,4.37
Tre Johnson,2026-03-16,13,12.86,0.14
Tre Johnson,2026-03-17,11,12.1,1.1
Tre Johnson,2026-03-19,12,10.58,1.42
Tre Johnson,2026-03-27,11,9.91,1.09
Tre Johnson,2026-03-30,11,10.79,0.21
Tre Johnson,2026-04-01,8,11.12,3.12
Tre Johnson,2026-04-04,11,10.95,0.05
Nolan Traore,2026-03-10,2,11.42,9.42
Nolan Traore,2026-03-14,6,10.15,4.15
Nolan Traore,2026-03-16,4,9.42,5.42
Nolan Traore,2026-03-18,13,8.54,4.46
Nolan Traore,2026-03-20,11,9.4,1.6
Nolan Traore,2026-03-22,17,9.99,7.01
Nolan Traore,2026-03-23,0,10.33,10.33
Nolan Traore,2026-03-27,9,9.59,0.59
Nolan Traore,2026-03-29,17,11.29,5.71
Nolan Traore,2026-03-31,10,11.49,1.49
Nolan Traore,2026-04-03,13,10.82,2.18
Nolan Traore,2026-04-05,23,11.59,11.41
Nolan Traore,2026-04-07,5,13.88,8.88
Nolan Traore,2026-04-10,14,12.09,1.91
Kon Knueppel,2026-03-10,15,16.71,1.71
Kon Knueppel,2026-03-11,24,17.53,6.47
Kon Knueppel,2026-03-14,20,17.79,2.21
Kon Knueppel,2026-03-17,22,18.03,3.97
Kon Knueppel,2026-03-19,17,16.64,0.36
Kon Knueppel,2026-03-21,9,17.71,8.71
Kon Knueppel,2026-03-24,14,18.18,4.18
Kon Knueppel,2026-03-26,26,16.74,9.26
Kon Knueppel,2026-03-28,11,17.85,6.85
Kon Knueppel,2026-03-29,13,15.59,2.59
Kon Knueppel,2026-03-31,8,15.98,7.98
Kon Knueppel,2026-04-02,20,16.11,3.89
Kon Knueppel,2026-04-03,20,16.68,3.32
Kon Knueppel,2026-04-05,11,14.49,3.49
Kon Knueppel,2026-04-07,13,13.41,0.41
Kon Knueppel,2026-04-10,10,14.11,4.11
Kon Knueppel,2026-04-12,14,14.87,0.87
Derik Queen,2026-03-11,3,11.29,8.29
Derik Queen,2026-03-13,0,9.04,9.04
Derik Queen,2026-03-16,9,9.42,0.42
Derik Queen,2026-03-18,14,8.95,5.05
Derik Queen,2026-03-19,5,9.7,4.7
Derik Queen,2026-03-21,9,8.43,0.57
Derik Queen,2026-03-24,5,7.83,2.83
Derik Queen,2026-03-26,11,8.49,2.51
Derik Queen,2026-03-27,13,8.81,4.19
Derik Queen,2026-03-29,13,8.64,4.36
Derik Queen,2026-04-02,12,9.38,2.62
Derik Queen,2026-04-03,8,11.36,3.36
Derik Queen,2026-04-05,2,12.34,10.34
Derik Queen,2026-04-07,17,12.31,4.69
Derik Queen,2026-04-10,25,10.92,14.08
Derik Queen,2026-04-12,30,12.95,17.05
Rasheer Fleming,2026-03-10,4,5.73,1.73
Rasheer Fleming,2026-03-12,2,6.0,4.0
Rasheer Fleming,2026-03-13,9,5.34,3.66
Rasheer Fleming,2026-03-16,1,6.26,5.26
Rasheer Fleming,2026-03-17,9,6.86,2.14
Rasheer Fleming,2026-03-19,8,5.73,2.27
Rasheer Fleming,2026-03-21,8,7.08,0.92
Rasheer Fleming,2026-03-22,11,6.61,4.39
Rasheer Fleming,2026-03-24,3,7.52,4.52
Rasheer Fleming,2026-03-28,7,8.98,1.98
Rasheer Fleming,2026-03-30,11,8.17,2.83
Rasheer Fleming,2026-03-31,11,7.92,3.08
Rasheer Fleming,2026-04-02,3,7.76,4.76
Rasheer Fleming,2026-04-08,3,7.1,4.1
Rasheer Fleming,2026-04-10,3,6.63,3.63
Rasheer Fleming,2026-04-12,16,6.01,9.99
Asa Newell,2026-04-03,5,5.05,0.05
Asa Newell,2026-04-10,2,5.05,3.05
Asa Newell,2026-04-12,17,5.11,11.89
Kasparas Jakučionis,2026-03-10,5,9.23,4.23
Kasparas Jakučionis,2026-03-12,18,8.52,9.48
Kasparas Jakučionis,2026-03-14,3,9.26,6.26
Kasparas Jakučionis,2026-03-17,6,7.86,1.86
Kasparas Jakučionis,2026-03-19,7,8.41,1.41
Kasparas Jakučionis,2026-03-21,0,7.87,7.87
Kasparas Jakučionis,2026-03-23,8,8.58,0.58
Kasparas Jakučionis,2026-03-25,2,7.27,5.27
Kasparas Jakučionis,2026-03-27,14,7.33,6.67
Kasparas Jakučionis,2026-03-29,5,8.28,3.28
Kasparas Jakučionis,2026-04-04,14,8.45,5.55
Kasparas Jakučionis,2026-04-07,0,8.09,8.09
Kasparas Jakučionis,2026-04-09,0,7.36,7.36
Kasparas Jakučionis,2026-04-10,16,8.84,7.16
Kasparas Jakučionis,2026-04-12,8,8.67,0.67
Jase Richardson,2026-03-16,6,3.87,2.13
Jase Richardson,2026-03-19,2,3.25,1.25
Jase Richardson,2026-03-23,9,3.44,5.56
Jase Richardson,2026-03-26,5,3.96,1.04
Jase Richardson,2026-03-29,0,2.41,2.41
Jase Richardson,2026-04-01,4,2.34,1.66
Jase Richardson,2026-04-06,3,2.42,0.58
Jase Richardson,2026-04-10,8,3.66,4.34
Will Riley,2026-03-10,22,14.52,7.48
Will Riley,2026-03-12,8,15.09,7.09
Will Riley,2026-03-14,5,14.65,9.65
Will Riley,2026-03-16,21,14.01,6.99
Will Riley,2026-03-17,21,14.77,6.23
Will Riley,2026-03-19,15,15.12,0.12
Will Riley,2026-03-21,9,13.24,4.24
Will Riley,2026-03-22,11,14.14,3.14
Will Riley,2026-03-25,19,16.48,2.52
Will Riley,2026-03-27,22,15.16,6.84
Will Riley,2026-03-29,14,14.48,0.48
Will Riley,2026-03-30,20,13.43,6.57
Will Riley,2026-04-01,18,15.57,2.43
Will Riley,2026-04-04,31,17.25,13.75
Will Riley,2026-04-05,30,17.64,12.36
Will Riley,2026-04-07,2,19.43,17.43
Will Riley,2026-04-09,23,19.19,3.81
Will Riley,2026-04-10,16,20.46,4.46
Will Riley,2026-04-12,6,20.57,14.57
Liam McNeeley,2026-03-24,7,5.4,1.6
Liam McNeeley,2026-03-29,10,4.32,5.68
Khaman Maluach,2026-03-10,8,2.78,5.22
Khaman Maluach,2026-03-12,4,2.9,1.1
Khaman Maluach,2026-03-16,2,1.16,0.84
Khaman Maluach,2026-03-17,2,3.51,1.51
Khaman Maluach,2026-03-19,4,3.42,0.58
Khaman Maluach,2026-03-21,2,3.74,1.74
Khaman Maluach,2026-03-22,7,2.89,4.11
Khaman Maluach,2026-03-24,6,4.27,1.73
Khaman Maluach,2026-03-28,12,5.03,6.97
Khaman Maluach,2026-03-30,6,4.97,1.03
Khaman Maluach,2026-04-08,4,5.65,1.65
Khaman Maluach,2026-04-10,4,5.64,1.64
Khaman Maluach,2026-04-12,18,5.07,12.93
Hugo González,2026-03-10,2,7.08,5.08
Hugo González,2026-03-12,11,6.98,4.02
Hugo González,2026-03-14,0,7.35,7.35
Hugo González,2026-03-16,0,5.13,5.13
Hugo González,2026-03-18,0,5.02,5.02
Hugo González,2026-03-20,5,5.68,0.68
Hugo González,2026-03-22,0,5.08,5.08
Hugo González,2026-03-25,3,3.17,0.17
Hugo González,2026-03-27,3,3.35,0.35
Hugo González,2026-03-29,3,1.94,1.06
Hugo González,2026-03-30,5,2.11,2.89
Hugo González,2026-04-03,2,2.75,0.75
Hugo González,2026-04-10,10,1.29,8.71
Joan Beringer,2026-03-18,2,3.61,1.61
Joan Beringer,2026-04-08,9,1.47,7.53
Joan Beringer,2026-04-10,14,1.83,12.17
Joan Beringer,2026-04-12,24,4.39,19.61
Collin Murray-Boyles,2026-03-23,9,6.14,2.86
Collin Murray-Boyles,2026-03-25,10,6.55,3.45
Collin Murray-Boyles,2026-03-27,9,6.75,2.25
Collin Murray-Boyles,2026-03-31,14,6.12,7.88
Collin Murray-Boyles,2026-04-01,20,9.53,10.47
Collin Murray-Boyles,2026-04-03,19,10.36,8.64
Collin Murray-Boyles,2026-04-05,12,10.63,1.37
Collin Murray-Boyles,2026-04-07,6,11.97,5.97
Collin Murray-Boyles,2026-04-09,17,12.76,4.24
Collin Murray-Boyles,2026-04-12,2,12.26,10.26
Carter Bryant,2026-03-10,8,4.96,3.04
Carter Bryant,2026-03-12,10,5.69,4.31
Carter Bryant,2026-03-14,8,4.28,3.72
Carter Bryant,2026-03-16,10,5.0,5.0
Carter Bryant,2026-03-17,7,7.3,0.3
Carter Bryant,2026-03-19,0,7.35,7.35
Carter Bryant,2026-03-21,5,7.97,2.97
Carter Bryant,2026-03-23,6,7.82,1.82
Carter Bryant,2026-03-25,5,7.99,2.99
Carter Bryant,2026-03-28,4,6.72,2.72
Carter Bryant,2026-03-30,0,5.91,5.91
Carter Bryant,2026-04-01,0,5.36,5.36
Carter Bryant,2026-04-02,2,4.7,2.7
Carter Bryant,2026-04-06,5,4.41,0.59
Carter Bryant,2026-04-08,17,4.01,12.99
Carter Bryant,2026-04-10,12,5.72,6.28
Carter Bryant,2026-04-12,13,6.11,6.89
Noah Penda,2026-03-11,4,6.66,2.66
Noah Penda,2026-03-12,0,6.84,6.84
Noah Penda,2026-03-14,7,5.82,1.18
Noah Penda,2026-03-16,2,6.33,4.33
Noah Penda,2026-03-17,0,4.67,4.67
Noah Penda,2026-03-19,8,4.28,3.72
Noah Penda,2026-03-21,2,5.71,3.71
Noah Penda,2026-03-23,0,5.34,5.34
Noah Penda,2026-03-29,3,4.38,1.38
Noah Penda,2026-04-01,0,5.59,5.59
Noah Penda,2026-04-08,0,4.87,4.87
Noah Penda,2026-04-10,0,4.39,4.39
Danny Wolf,2026-03-10,13,11.47,1.53
Danny Wolf,2026-03-12,8,10.56,2.56
Danny Wolf,2026-03-14,15,10.39,4.61
Danny Wolf,2026-03-16,8,12.24,4.24
Danny Wolf,2026-03-18,6,12.13,6.13
Danny Wolf,2026-03-20,8,11.05,3.05
Danny Wolf,2026-03-22,9,11.33,2.33
Maxime Raynaud,2026-03-10,18,17.36,0.64
Maxime Raynaud,2026-03-11,4,16.82,12.82
Maxime Raynaud,2026-03-14,23,15.11,7.89
Maxime Raynaud,2026-03-15,8,16.41,8.41
Maxime Raynaud,2026-03-17,32,15.47,16.53
Maxime Raynaud,2026-03-19,30,15.76,14.24
Maxime Raynaud,2026-03-22,22,17.09,4.91
Maxime Raynaud,2026-03-24,16,18.47,2.47
Maxime Raynaud,2026-03-26,10,18.84,8.84
Maxime Raynaud,2026-03-28,18,20.77,2.77
Maxime Raynaud,2026-03-29,13,18.36,5.36
Maxime Raynaud,2026-04-01,6,15.82,9.82
Maxime Raynaud,2026-04-03,28,14.54,13.46
Maxime Raynaud,2026-04-05,11,15.01,4.01
Maxime Raynaud,2026-04-07,17,15.85,1.15
Maxime Raynaud,2026-04-10,23,14.91,8.09
Maxime Raynaud,2026-04-12,21,16.11,4.89
Micah Peavy,2026-03-29,0,2.9,2.9
Micah Peavy,2026-04-02,0,3.43,3.43
Micah Peavy,2026-04-03,8,4.21,3.79
Micah Peavy,2026-04-05,3,4.54,1.54
Micah Peavy,2026-04-07,20,5.26,14.74
Micah Peavy,2026-04-10,2,5.03,3.03
Micah Peavy,2026-04-12,21,6.42,14.58
Tyrese Proctor,2026-03-25,0,5.2,5.2
Tyrese Proctor,2026-03-27,6,5.15,0.85
Tyrese Proctor,2026-03-30,8,5.7,2.3
Tyrese Proctor,2026-03-31,10,4.7,5.3
Tyrese Proctor,2026-04-06,10,5.2,4.8
Tyrese Proctor,2026-04-10,15,6.34,8.66
Tyrese Proctor,2026-04-12,22,8.13,13.87
Ben Saraf,2026-03-10,10,6.21,3.79
Ben Saraf,2026-03-12,10,7.53,2.47
Ben Saraf,2026-03-14,12,7.96,4.04
Ben Saraf,2026-03-16,15,8.17,6.83
Ben Saraf,2026-03-20,5,9.23,4.23
Ben Saraf,2026-03-22,22,10.25,11.75
Ben Saraf,2026-03-23,10,12.56,2.56
Ben Saraf,2026-03-25,14,13.08,0.92
Ben Saraf,2026-03-27,10,13.02,3.02
Ben Saraf,2026-03-29,8,13.67,5.67
Ben Saraf,2026-03-31,7,13.51,6.51
Ben Saraf,2026-04-03,2,11.99,9.99
Ben Saraf,2026-04-07,19,11.31,7.69
Ben Saraf,2026-04-09,19,12.22,6.78
Ben Saraf,2026-04-10,15,12.22,2.78
Ben Saraf,2026-04-12,15,12.22,2.78
Kam Jones,2026-03-10,14,8.35,5.65
Kam Jones,2026-03-12,3,8.58,5.58
Kam Jones,2026-03-15,2,9.2,7.2
Kam Jones,2026-03-17,3,7.37,4.37
Kam Jones,2026-03-18,0,8.37,8.37
Kam Jones,2026-04-01,9,7.59,1.41
Kam Jones,2026-04-03,7,5.66,1.34
Kam Jones,2026-04-05,2,5.7,3.7
Kam Jones,2026-04-07,9,5.89,3.11
Kam Jones,2026-04-09,4,6.75,2.75
Kam Jones,2026-04-10,0,6.96,6.96
Kam Jones,2026-04-12,8,5.29,2.71
,2026-04-09,16,15.15,0.85
,2026-04-10,10,13.89,3.89
,2026-04-12,14,13.88,0.12
Sion James,2026-03-10,11,5.99,5.01
Sion James,2026-03-11,4,6.87,2.87
Sion James,2026-03-14,0,4.9,4.9
Sion James,2026-03-17,2,5.41,3.41
Sion James,2026-03-19,6,5.46,0.54
Sion James,2026-03-21,8,6.16,1.84
Sion James,2026-03-24,8,6.17,1.83
Sion James,2026-03-26,0,4.92,4.92
Sion James,2026-03-28,2,5.17,3.17
Sion James,2026-03-29,11,5.18,5.82
Sion James,2026-03-31,0,7.23,7.23
Sion James,2026-04-02,7,5.88,1.12
Sion James,2026-04-03,13,6.23,6.77
Sion James,2026-04-05,5,7.15,2.15
Sion James,2026-04-07,2,6.99,4.99
Sion James,2026-04-10,2,6.46,4.46
Sion James,2026-04-12,8,6.83,1.17
Mohamed Diawara,2026-03-11,10,6.61,3.39
Mohamed Diawara,2026-03-13,4,6.17,2.17
Mohamed Diawara,2026-03-15,3,6.05,3.05
Mohamed Diawara,2026-03-17,0,6.75,6.75
Mohamed Diawara,2026-03-20,8,6.25,1.75
Mohamed Diawara,2026-03-22,12,7.59,4.41
Mohamed Diawara,2026-03-24,2,6.53,4.53
Mohamed Diawara,2026-03-26,5,4.67,0.33
Mohamed Diawara,2026-04-01,4,5.73,1.73
Mohamed Diawara,2026-04-03,6,5.68,0.32
Mohamed Diawara,2026-04-10,3,4.56,1.56
Mohamed Diawara,2026-04-12,5,4.14,0.86
Yang Hansen,2026-03-23,4,4.07,0.07
Yang Hansen,2026-03-29,6,3.66,2.34
Cedric Coward,2026-03-10,13,10.84,2.16
Cedric Coward,2026-03-13,7,10.57,3.57
Cedric Coward,2026-03-16,17,11.19,5.81
Cedric Coward,2026-03-18,15,12.71,2.29
Cedric Coward,2026-03-25,12,12.55,0.55
Cedric Coward,2026-03-27,10,11.66,1.66
Cedric Coward,2026-03-28,24,12.78,11.22
Cedric Coward,2026-03-30,7,13.88,6.88
Cedric Coward,2026-04-01,15,13.36,1.64
Cedric Coward,2026-04-03,15,13.07,1.93
Cedric Coward,2026-04-06,12,13.83,1.83
Cedric Coward,2026-04-08,27,13.44,13.56
Javon Small,2026-03-10,12,12.14,0.14
Javon Small,2026-03-12,19,13.24,5.76
Javon Small,2026-03-13,23,13.25,9.75
Javon Small,2026-03-18,8,15.08,7.08
Javon Small,2026-03-20,13,14.45,1.45
Javon Small,2026-03-21,17,13.76,3.24
Javon Small,2026-03-25,8,14.85,6.85
Javon Small,2026-03-27,14,13.03,0.97
Javon Small,2026-03-28,6,12.89,6.89
Javon Small,2026-04-01,13,12.19,0.81
Javon Small,2026-04-03,14,11.89,2.11
Javon Small,2026-04-12,18,10.97,7.03
Kobe Sanders,2026-03-11,2,6.92,4.92
Kobe Sanders,2026-03-13,11,5.75,5.25
Kobe Sanders,2026-03-16,5,5.32,0.32
Kobe Sanders,2026-03-18,3,5.94,2.94
Kobe Sanders,2026-03-19,5,5.09,0.09
Kobe Sanders,2026-03-23,19,5.92,13.08
Kobe Sanders,2026-03-25,6,8.1,2.1
Kobe Sanders,2026-03-29,3,7.19,4.19
Kobe Sanders,2026-04-02,6,5.68,0.32
Kobe Sanders,2026-04-05,17,7.21,9.79
Kobe Sanders,2026-04-07,11,7.42,3.58
Kobe Sanders,2026-04-08,17,5.16,11.84
Kobe Sanders,2026-04-10,4,6.87,2.87
Kobe Sanders,2026-04-12,11,8.76,2.24
Dylan Cardwell,2026-03-14,0,8.62,8.62
Dylan Cardwell,2026-03-15,2,10.49,8.49
Dylan Cardwell,2026-03-17,7,7.11,0.11
Dylan Cardwell,2026-03-19,9,7.14,1.86
Dylan Cardwell,2026-03-22,5,6.68,1.68
Dylan Cardwell,2026-03-24,6,5.45,0.55
Dylan Cardwell,2026-03-26,2,5.79,3.79
Dylan Cardwell,2026-03-28,3,6.09,3.09
Dylan Cardwell,2026-03-29,4,5.89,1.89
Dylan Cardwell,2026-04-01,2,4.93,2.93
Dylan Cardwell,2026-04-03,6,5.58,0.42
Dylan Cardwell,2026-04-05,15,4.23,10.77
Dylan Cardwell,2026-04-07,8,6.14,1.86
Dylan Cardwell,2026-04-10,7,5.86,1.14
Dylan Cardwell,2026-04-12,6,5.9,0.1
,2026-03-10,7,6.82,0.18
,2026-03-12,8,7.42,0.58
,2026-03-13,3,7.16,4.16
,2026-03-16,3,7.18,4.18
,2026-03-28,17,7.94,9.06
,2026-03-30,14,8.33,5.67
,2026-04-01,7,8.76,1.76
,2026-04-03,2,8.43,6.43
,2026-04-08,9,9.53,0.53
,2026-04-10,13,11.67,1.33
,2026-04-12,11,10.51,0.49
Ryan Nembhard,2026-03-10,0,5.65,5.65
Ryan Nembhard,2026-03-12,0,5.31,5.31
Ryan Nembhard,2026-03-13,8,4.89,3.11
Ryan Nembhard,2026-03-15,11,5.33,5.67
Ryan Nembhard,2026-03-16,2,6.56,4.56
Ryan Nembhard,2026-03-18,8,7.08,0.92
Ryan Nembhard,2026-03-21,13,7.79,5.21
Ryan Nembhard,2026-03-23,4,8.92,4.92
Ryan Nembhard,2026-03-25,4,7.87,3.87
Ryan Nembhard,2026-03-27,0,6.58,6.58
Ryan Nembhard,2026-03-30,8,6.8,1.2
Ryan Nembhard,2026-03-31,9,6.86,2.14
Ryan Nembhard,2026-04-03,2,6.82,4.82
Ryan Nembhard,2026-04-07,12,6.14,5.86
Ryan Nembhard,2026-04-08,9,7.48,1.52
Ryan Nembhard,2026-04-10,13,8.66,4.34
Ryan Nembhard,2026-04-12,15,10.08,4.92
Lachlan Olbrich,2026-03-12,4,2.61,1.39
Lachlan Olbrich,2026-03-18,2,2.73,0.73
Lachlan Olbrich,2026-03-25,2,1.89,0.11
Lachlan Olbrich,2026-03-28,8,2.38,5.62
Lachlan Olbrich,2026-04-01,8,2.76,5.24
Lachlan Olbrich,2026-04-03,8,1.87,6.13
Lachlan Olbrich,2026-04-05,1,3.0,2.0
Lachlan Olbrich,2026-04-07,7,5.47,1.53
Lachlan Olbrich,2026-04-09,2,6.52,4.52
Lachlan Olbrich,2026-04-10,6,6.5,0.5
Lachlan Olbrich,2026-04-12,10,6.68,3.32
Will Richard,2026-03-10,8,8.98,0.98
Will Richard,2026-03-13,0,10.47,10.47
Will Richard,2026-03-15,5,8.78,3.78
Will Richard,2026-03-16,0,10.19,10.19
Will Richard,2026-03-18,7,8.71,1.71
Will Richard,2026-03-20,11,7.18,3.82
Will Richard,2026-03-21,9,7.67,1.33
Will Richard,2026-03-23,12,7.27,4.73
Will Richard,2026-03-25,3,7.09,4.09
Will Richard,2026-03-27,8,7.34,0.66
Will Richard,2026-04-01,2,5.98,3.98
Will Richard,2026-04-02,0,6.24,6.24
Will Richard,2026-04-05,0,5.25,5.25
Will Richard,2026-04-12,0,4.98,4.98
Chris Youngblood,2026-03-23,6,4.26,1.74
Drake Powell,2026-03-10,10,5.39,4.61
Drake Powell,2026-03-12,11,6.92,4.08
Drake Powell,2026-03-16,2,8.14,6.14
Drake Powell,2026-03-18,3,7.03,4.03
Drake Powell,2026-03-20,2,7.14,5.14
Drake Powell,2026-03-22,8,7.77,0.23
Drake Powell,2026-03-25,10,6.86,3.14
Drake Powell,2026-03-27,7,6.19,0.81
Drake Powell,2026-03-29,16,7.05,8.95
Drake Powell,2026-03-31,10,7.71,2.29
Drake Powell,2026-04-03,6,9.18,3.18
Drake Powell,2026-04-05,13,9.45,3.55
Drake Powell,2026-04-07,11,8.85,2.15
Drake Powell,2026-04-09,2,10.78,8.78
Drake Powell,2026-04-12,8,8.77,0.77
Brooks Barnhizer,2026-03-18,0,5.45,5.45
Brooks Barnhizer,2026-03-21,0,5.61,5.61
Brooks Barnhizer,2026-04-02,0,2.43,2.43
Brooks Barnhizer,2026-04-07,2,2.45,0.45
Brooks Barnhizer,2026-04-10,14,2.05,11.95
Brooks Barnhizer,2026-04-12,5,3.9,1.1
,2026-04-08,23,6.07,16.93
,2026-04-10,12,7.44,4.56
,2026-04-12,28,8.21,19.79
Taelon Peter,2026-03-12,6,9.84,3.84
Taelon Peter,2026-03-15,9,10.59,1.59
Taelon Peter,2026-03-18,10,9.7,0.3
Taelon Peter,2026-04-01,10,8.97,1.03
Taelon Peter,2026-04-03,6,7.63,1.63
Taelon Peter,2026-04-05,8,7.06,0.94
Taelon Peter,2026-04-07,5,7.27,2.27
Taelon Peter,2026-04-09,8,7.35,0.65
Taelon Peter,2026-04-10,9,7.48,1.52
Taelon Peter,2026-04-12,3,6.45,3.45
,2026-04-01,7,6.91,0.09
,2026-04-03,0,6.4,6.4
,2026-04-07,26,6.42,19.58
,2026-04-10,27,9.15,17.85
,2026-04-12,14,11.99,2.01
,2026-03-27,12,8.99,3.01
,2026-03-29,0,9.77,9.77
,2026-04-01,17,9.69,7.31
,2026-04-02,12,9.76,2.24
,2026-04-09,8,9.54,1.54
,2026-03-29,4,8.72,4.72
,2026-03-31,11,8.03,2.97
,2026-04-03,11,9.19,1.81
,2026-04-05,9,9.43,0.43
,2026-04-07,5,7.59,2.59
,2026-04-12,16,6.81,9.19
